,sna,tot,sbi,sarea,mday,ar,bemp,act
0,YouBike2.0_捷運科技大樓站,28,2,大安區,2023-06-02 09:21:33,復興南路二段235號前,26,1
1,YouBike2.0_復興南路二段273號前,21,4,大安區,2023-06-02 09:22:14,復興南路二段273號西側,17,1
2,YouBike2.0_國北教大實小東側門,16,1,大安區,2023-06-02 09:21:16,和平東路二段96巷7號,15,1
3,YouBike2.0_和平公園東側,11,0,大安區,2023-06-02 09:08:04,和平東路二段118巷33號,11,1
4,YouBike2.0_辛亥復興路口西北側,16,1,大安區,2023-06-02 09:21:33,復興南路二段368號,15,1
5,YouBike2.0_復興南路二段280號前,11,1,大安區,2023-06-02 09:21:16,復興南路二段280號,10,1
6,YouBike2.0_復興南路二段340巷口,11,0,大安區,2023-06-02 09:15:04,復興南路二段342號,11,1
7,YouBike2.0_新生南路三段52號前,17,1,大安區,2023-06-02 08:49:13,新生南路三段52號,16,1
8,YouBike2.0_新生南路三段66號前,16,1,大安區,2023-06-02 09:15:04,新生南路三段66號東側,15,1
9,YouBike2.0_新生南路三段82號前,20,0,大安區,2023-06-02 09:21:03,新生南路三段82號,20,1
10,YouBike2.0_辛亥路一段30號前,8,1,大安區,2023-06-02 09:17:14,辛亥路一段30號,7,1
11,YouBike2.0_和平復興路口西北側,9,2,大安區,2023-06-02 09:22:14,復興南路二段236號,7,1
12,YouBike2.0_羅斯福路三段311號前,11,0,大安區,2023-06-02 09:22:14,羅斯福路三段311號,11,1
13,YouBike2.0_大安運動中心停車場,14,2,大安區,2023-06-02 09:17:24,敦南街76巷28號,11,1
14,YouBike2.0_羅斯福路三段245號前,8,0,大安區,2023-06-02 09:08:04,羅斯福路三段245號,8,1
15,YouBike2.0_溫州公園,5,1,大安區,2023-06-02 08:46:14,羅斯福路三段283巷11號,4,1
16,YouBike2.0_和平臥龍街口,15,14,大安區,2023-06-02 09:17:24,臥龍街1號,1,1
17,YouBike2.0_溫州停車場,5,0,大安區,2023-06-02 08:40:15,新生南路三段54巷/溫州街口,5,1
18,YouBike2.0_銘傳國小側門,7,1,大安區,2023-06-02 09:21:16,羅斯福路四段21號旁天橋下,6,1
19,YouBike2.0_捷運公館站(2號出口),99,7,大安區,2023-06-02 09:22:14,捷運公館站(2號出口)外側,90,1
20,YouBike2.0_第二學生活動中心,27,1,大安區,2023-06-02 09:12:04,羅斯福路四段107號(西南側),26,1
21,YouBike2.0_臺灣科技大學正門,30,1,大安區,2023-06-02 09:19:13,基隆路四段43號(臺灣科技大學正門旁小側門靠田徑場),29,1
22,YouBike2.0_臺灣科技大學側門,99,56,大安區,2023-06-02 09:22:14,基隆路四段73巷與基隆路口,43,1
23,YouBike2.0_公館公園,15,12,大安區,2023-06-02 09:19:13,羅斯福路四段113巷基隆路四段41巷口,3,1
24,YouBike2.0_臺灣科技大學後門,39,14,大安區,2023-06-02 09:21:16,基隆路四段41巷68弄臺科帆船大樓旁,25,1
25,YouBike2.0_臺大醫學院附設癌醫中心,20,2,大安區,2023-06-02 09:15:15,基隆路三段155巷57號西側,14,1
26,YouBike2.0_臺大環研大樓,15,9,大安區,2023-06-02 09:14:14,芳蘭路/基隆路三段155巷口,6,1
27,YouBike2.0_臺大永齡生醫工程館,34,12,大安區,2023-06-02 09:21:16,芳蘭路51號西北側,22,1
28,YouBike2.0_臺大男七舍前,20,11,大安區,2023-06-02 09:18:13,長興街/長興街80巷口西側,9,1
29,YouBike2.0_臺大男一舍前,61,13,大安區,2023-06-02 09:21:16,長興街50號西北側,47,1
30,YouBike2.0_臺大男六舍前,46,13,大安區,2023-06-02 09:21:16,大安區長興街31號,33,1
31,YouBike2.0_臺大動物醫院前,18,15,大安區,2023-06-02 09:21:16,基隆路三段155巷/基隆路四段口,2,1
32,YouBike2.0_臺大土木研究大樓前,24,15,大安區,2023-06-02 09:17:24,辛亥路三段188號,9,1
33,YouBike2.0_臺大萬才館前,20,11,大安區,2023-06-02 09:17:24,臺大萬才館北側,9,1
34,YouBike2.0_臺大國青大樓宿舍前,20,1,大安區,2023-06-02 09:22:14,辛亥路三段30號西北側,19,1
35,YouBike2.0_臺大社科院圖書館前,27,6,大安區,2023-06-02 09:21:16,辛亥路與復興南路口西南側,21,1
36,YouBike2.0_臺大法人語言訓練中心前,28,24,大安區,2023-06-02 09:21:03,臺大法人語言訓練中心北側,0,1
37,YouBike2.0_臺大綜合體育館停車場前,25,0,大安區,2023-06-02 08:59:04,臺大綜合體育館北側,25,1
38,YouBike2.0_辛亥新生路口東南側,41,1,大安區,2023-06-02 09:21:16,辛亥新生路口東南側,40,1
39,YouBike2.0_基隆長興路口東側,15,1,大安區,2023-06-02 09:21:33,基隆長興路口東側,14,1
40,YouBike2.0_國北教大側門南側,25,13,大安區,2023-06-02 09:19:13,敦南街51號,11,1
41,YouBike2.0_和平實小東北側,13,12,大安區,2023-06-02 09:17:14,敦南街73號,1,1
42,YouBike2.0_大安區健康服務中心,15,5,大安區,2023-06-02 09:22:14,辛亥路三段15號,10,1
43,YouBike2.0_辛亥泰順街口,20,4,大安區,2023-06-02 09:21:16,辛亥泰順街口東南側,16,1
44,YouBike2.0_芳和國中,28,24,大安區,2023-06-02 09:21:16,臥龍街170號(前),4,1
45,YouBike2.0_臥龍樂業街口,36,0,大安區,2023-06-02 09:15:04,臥龍街234-2號,36,1
46,YouBike2.0_臥龍公園,14,9,大安區,2023-06-02 09:17:24,辛亥路三段223號西側,5,1
47,YouBike2.0_嘉興公園,44,20,大安區,2023-06-02 09:18:13,樂業街101巷3號西北側,24,1
48,YouBike2.0_捷運麟光站(2號出口),35,1,大安區,2023-06-02 09:22:14,和平東路三段420號東北側,33,1
49,YouBike2.0_捷運六張犁站,64,22,大安區,2023-06-02 09:22:14,和平東路三段410號,42,1
50,YouBike2.0_喬治工商,26,1,大安區,2023-06-02 09:22:14,基隆路二段166號,24,1
51,YouBike2.0_法治公園,15,0,大安區,2023-06-02 08:54:03,通化街189號西側,15,1
52,YouBike2.0_捷運臺電大樓站(2號出口),15,1,大安區,2023-06-02 09:22:14,辛亥路一段/羅斯福路三段口北側(辛亥路側),14,1
53,YouBike2.0_和平金山路口,45,2,大安區,2023-06-02 09:19:13,和平東路一段/金山南路二段西南側,43,1
54,YouBike2.0_和平龍泉街口,34,4,大安區,2023-06-02 09:17:24,和平東路一段/龍泉街口西南側,27,1
55,YouBike2.0_和平泰順街口,9,3,大安區,2023-06-02 09:21:33,和平東路一段/泰順街口東南側,5,1
56,YouBike2.0_臺灣師範大學(圖書館),40,29,大安區,2023-06-02 09:19:13,和平東路一段129號前,11,1
57,YouBike2.0_捷運古亭站(6號出口),60,3,大安區,2023-06-02 09:22:14,羅斯福路二段41號前,56,1
58,YouBike2.0_捷運古亭站(5號出口),14,0,大安區,2023-06-02 09:17:14,和平東路一段19號前,14,1
59,YouBike2.0_臺北市立圖書館(總館),45,0,大安區,2023-06-02 09:21:03,建國南路二段/建國南路二段151巷(橋下空間),44,1
60,YouBike2.0_新生和平路口東北側,38,9,大安區,2023-06-02 09:21:16,新生南路二段與和平東路二段口東北側,29,1
61,YouBike2.0_建國和平路口西北側,44,25,大安區,2023-06-02 09:16:14,建國南路二段與和平東路二段口西北側,18,1
62,YouBike2.0_金華公園,35,3,大安區,2023-06-02 09:19:13,金華街249號對面,31,1
63,YouBike2.0_捷運東門站(3號出口),15,2,大安區,2023-06-02 09:21:16,信義路二段128號前,13,1
64,YouBike2.0_金甌女中,12,1,大安區,2023-06-02 09:13:14,信義路二段與杭州南路二段東南側,11,1
65,YouBike2.0_金杭公園,20,4,大安區,2023-06-02 09:14:14,愛國東路21巷與杭州南路二段25巷口東南側,16,1
66,YouBike2.0_愛國金山路口,33,19,大安區,2023-06-02 09:21:16,愛國東路與杭州南路二段口西南側,13,1
67,YouBike2.0_敦化南路二段293巷口南側,14,9,大安區,2023-06-02 09:21:16,敦化南路二段293巷口南側,5,1
68,YouBike2.0_敦化基隆路口,29,12,大安區,2023-06-02 09:21:16,敦化南路二段218號,15,1
69,YouBike2.0_安和路二段181巷口,17,7,大安區,2023-06-02 09:22:14,安和路二段185號,10,1
70,YouBike2.0_臨江街夜市(通化街101巷口),30,0,大安區,2023-06-02 09:21:03,通化街111號,30,1
71,YouBike2.0_臨江街夜市(基隆路),17,1,大安區,2023-06-02 09:21:16,基隆路二段108號,16,1
72,YouBike2.0_台北科技大學億光大樓,46,2,大安區,2023-06-02 09:05:16,忠孝東路三段81號,43,1
73,YouBike2.0_新生南路一段119巷口,33,0,大安區,2023-06-02 09:19:04,新生南路一段113號,32,1
74,YouBike2.0_幸安國小(仁愛路),16,5,大安區,2023-06-02 09:21:16,仁愛路三段22號,8,1
75,YouBike2.0_民榮公園,15,0,大安區,2023-04-20 07:22:04,建國南路一段304巷45號南側,15,0
76,YouBike2.0_復興南路1段340巷口,38,14,大安區,2023-06-02 09:19:13,復興南路一段信義路三段147巷45弄口,24,1
77,YouBike2.0_建國濟南路口,29,3,大安區,2023-06-02 09:19:13,建國南路一段/濟南路三段口(東南側),26,1
78,YouBike2.0_捷運忠孝復興站(2號出口),43,7,大安區,2023-06-02 09:16:14,復興南路一段/仁愛路三段123巷13弄(西北側),36,1
79,YouBike2.0_捷運大安站(4號出口),13,0,大安區,2023-06-02 09:21:33,信義路4段6號(前),12,1
80,YouBike2.0_捷運大安站(2號出口),22,16,大安區,2023-06-02 09:19:13,信義路3段143號(前),6,1
81,YouBike2.0_信義大安路口(信維大樓),12,4,大安區,2023-06-02 09:19:13,信義路四段74號(前),8,1
82,YouBike2.0_龍門廣場,50,3,大安區,2023-06-02 09:19:04,敦化南路一段與敦化南路一段236巷口,46,1
83,YouBike2.0_仁愛安和路口,25,4,大安區,2023-06-02 09:19:13,仁愛路四段258號前,21,1
84,YouBike2.0_信義敦化路口,46,13,大安區,2023-06-02 09:22:14,信義路四段155號前,33,1
85,YouBike2.0_仁愛國中,25,14,大安區,2023-06-02 09:16:14,安和路一段75號(對面),10,1
86,YouBike2.0_捷運信義安和站(2號出口),26,0,大安區,2023-06-02 09:21:33,信義路四段188號前,25,1
87,YouBike2.0_八德市場,30,5,大安區,2023-06-02 09:21:16,市民大道三段170號,24,1
88,YouBike2.0_昌隆公園,16,0,大安區,2023-06-02 09:17:14,市民大道三段206號西側,16,1
89,YouBike2.0_捷運大安森林公園站(2號出口),62,0,大安區,2023-06-02 09:22:14,捷運大安森林公園站(2號出口)西側,62,1
90,YouBike2.0_信義延吉街口,15,2,大安區,2023-06-02 09:19:13,信義路四段353號,13,1
91,YouBike2.0_光信公園(光復南路456巷),15,3,大安區,2023-06-02 09:21:16,延吉街249號,12,1
92,YouBike2.0_僑安地下停車場(2號出口)東南側,20,2,大安區,2023-06-02 09:21:16,光復南路290巷5號,16,1
93,YouBike2.0_建國南路一段279巷口,32,2,大安區,2023-06-02 09:21:33,建國南路一段275號,29,1
94,YouBike2.0_捷運忠孝新生站(6號出口),15,0,大安區,2023-06-02 09:21:04,新生南路一段101號,15,1
95,YouBike2.0_捷運忠孝新生站(4號出口),34,0,大安區,2023-06-02 09:21:16,忠孝新生路口北側,33,1
96,YouBike2.0_大安高工,23,0,大安區,2023-06-02 09:19:04,復興南路二段52號(前),23,1
97,YouBike2.0_捷運忠孝新生站(3號出口),23,1,大安區,2023-06-02 09:21:16,忠孝東路三段與10巷口,22,1
98,YouBike2.0_瑠公公園,20,4,大安區,2023-06-02 09:14:14,忠孝東路四段49巷4弄/大安路口,16,1
99,YouBike2.0_敦化市民路口,23,11,大安區,2023-06-02 09:11:15,敦化南路1段158號(前),9,1
100,YouBike2.0_捷運大安森林公園站(5號出口),15,0,大安區,2023-06-02 09:16:03,捷運大安森林公園站(5號出口)東側,15,1
101,YouBike2.0_信義建國路口,38,0,大安區,2023-06-02 09:22:14,建國南路二段與信義路三段口西南側,38,1
102,YouBike2.0_東豐公園,19,3,大安區,2023-06-02 09:21:16,東豐街24號(旁公園路側),14,1
103,YouBike2.0_德安公園(四維路66巷),14,4,大安區,2023-06-02 09:16:14,四維路66巷6號北側,10,1
104,YouBike2.0_捷運忠孝復興站(5號出口),41,1,大安區,2023-06-02 09:21:33,復興南路一段135巷3號(對面),40,1
105,YouBike2.0_捷運忠孝敦化站(2號出口),17,9,大安區,2023-06-02 09:21:16,忠孝東路四段221號,8,1
106,YouBike2.0_捷運忠孝敦化站(7號出口),18,4,大安區,2023-06-02 09:22:14,忠孝東路四段143號,13,1
107,YouBike2.0_瑞安街208巷,15,0,大安區,2023-06-02 09:13:04,瑞安街208巷39號對面,14,1
108,YouBike2.0_樂利路21巷口,17,1,大安區,2023-06-02 09:19:14,樂利路25號,16,1
109,YouBike2.0_捷運科技大樓站(台北教育大學),46,0,大安區,2023-06-02 09:21:04,和平東路二段134號前,46,1
110,YouBike2.0_捷運國父紀念館站(2號出口),38,5,大安區,2023-06-02 09:18:13,忠孝東路四段/光復南路口(西南側),31,1
111,YouBike2.0_仁愛醫院,30,7,大安區,2023-06-02 09:21:16,仁愛路四段/大安路一段口(西南側),23,1
112,YouBike2.0_捷運信義安和站(4號出口),30,0,大安區,2023-06-02 09:22:14,信義路四段252號前,29,1
113,YouBike2.0_成功國宅,30,2,大安區,2023-06-02 09:21:16,和平東路三段1巷/四維路198巷口(西北側),28,1
114,YouBike2.0_仁愛延吉街口,25,4,大安區,2023-06-02 09:21:16,仁愛路四段376號前,21,1
115,YouBike2.0_捷運信義安和站(1號出口),33,0,大安區,2023-06-02 09:12:04,信義路四段225號前,32,1
116,YouBike2.0_敦化南路二段103巷口,24,17,大安區,2023-06-02 09:22:14,敦化南路二段99號前,6,1
117,YouBike2.0_復興南路二段128巷口,28,0,大安區,2023-06-02 09:21:16,復興南路二段142之1號前,27,1
118,YouBike2.0_和平東建國南路口,17,15,大安區,2023-06-02 09:10:10,和平東路/建國南路口(北側),0,1
119,YouBike2.0_芳蘭山莊,16,9,大安區,2023-06-02 08:45:16,基隆路三段155巷148號,7,1
120,YouBike2.0_復興南路一段126巷口,15,1,大安區,2023-06-02 09:17:24,復興南路一段126巷1號前,14,1
121,YouBike2.0_捷運東門站(5號出口),28,2,大安區,2023-06-02 09:21:16,信義路二段178號前,26,1
122,YouBike2.0_仁愛路四段48巷口,11,0,大安區,2023-06-02 09:21:16,仁愛路四段48巷/東豐街(北側),11,1
123,YouBike2.0_捷運公館站(3號出口),90,1,大安區,2023-06-02 09:21:16,捷運公館站(3號出口)西側,82,1
124,YouBike2.0_臺北科技大學(電機工程系),16,6,大安區,2023-06-02 09:22:14,忠孝東路三段100號對側,10,1
125,YouBike2.0_忠孝東路三段217巷口,34,3,大安區,2023-06-02 09:16:14,忠孝東路三段229-1號前,31,1
126,YouBike2.0_新生南路三段94巷口,15,1,大安區,2023-06-02 09:19:04,新生南路三段94號前,14,1
127,YouBike2.0_辛亥新生路口西北側,12,2,大安區,2023-06-02 09:03:14,辛亥路一段/新生南路三段(西北側),10,1
128,YouBike2.0_捷運大安站(6號出口),19,0,大安區,2023-06-02 09:22:14,復興南路一段303號前,19,1
129,YouBike2.0_臥龍街195巷口,14,4,大安區,2023-06-02 09:21:16,臥龍街/臥龍街195巷(南側),9,1
130,YouBike2.0_辛亥路三段157巷口,19,0,大安區,2023-06-02 09:21:33,辛亥路三段與辛亥路三段157巷口西北側,18,1
131,YouBike2.0_臥龍基隆路口,16,10,大安區,2023-06-02 09:16:14,臥龍街與基隆路二段口東北側,5,1
132,YouBike2.0_敦親公園,20,0,大安區,2023-06-02 09:21:04,和平東路二段96巷8之1號(前方),20,1
133,YouBike2.0_大安運動中心,27,0,大安區,2023-06-02 09:09:04,辛亥路三段55號前方人行道(大安運動中心),26,1
134,YouBike2.0_和平敦化路口,25,10,大安區,2023-06-02 09:22:14,和平東路三段 / 敦化南路二段口(東側),14,1
135,YouBike2.0_基隆長興路口,43,1,大安區,2023-06-02 09:21:33,基隆路/長興街(東南側),42,1
136,YouBike2.0_仁愛路四段122巷口,16,14,大安區,2023-06-02 09:13:14,仁愛路四段118號前,2,1
137,YouBike2.0_市民敦化路口,15,9,大安區,2023-06-02 09:18:13,敦化南路一段111號前,6,1
138,YouBike2.0_忠孝東路四段49巷口,15,1,大安區,2023-06-02 08:40:15,忠孝東路四段55號前,13,1
139,YouBike2.0_市民復興路口(東南側),16,0,大安區,2023-06-02 09:21:33,市民大道四段/復興路一段口(東南側),16,1
140,YouBike2.0_和平新生路口西南側,13,0,大安區,2023-06-02 09:22:14,新生南路三段2號前,13,1
141,YouBike2.0_全安公園,16,2,大安區,2023-06-02 09:14:14,安和路二段227巷16號對側,14,1
142,YouBike2.0_信義路三段134巷口,19,2,大安區,2023-06-02 09:21:16,信義路三段/信義路三段134巷口,17,1
143,YouBike2.0_仁愛敦南圓環(東南側),16,7,大安區,2023-06-02 09:09:14,仁愛路四段110號前,7,1
144,YouBike2.0_臺北遠企購物中心,33,31,大安區,2023-06-02 08:58:14,敦化南路二段201號前,1,1
145,YouBike2.0_外交部外交及國際事務學院,17,1,大安區,2023-06-02 09:22:14,敦化南路一段280號,16,1
146,YouBike2.0_四維路170巷口,22,21,大安區,2023-06-02 08:53:04,敦化南路二段92號對側中央分隔島,0,1
147,YouBike2.0_捷運大安站(3號出口),44,0,大安區,2023-06-02 09:21:33,信義路三段184號前,44,1
148,YouBike2.0_捷運臺電大樓站(2號出口)_1,31,0,大安區,2023-06-02 09:21:16,羅斯福路三段201號旁,31,1
149,YouBike2.0_信義路四段199巷,15,0,大安區,2023-06-02 09:22:14,信義路四段199巷/安和路一段90巷口,15,1
150,YouBike2.0_臺大資訊大樓,40,20,大安區,2023-06-02 09:22:14,辛亥路二段(臺大外語學院外),20,1
151,YouBike2.0_敦化南路二段81巷,40,38,大安區,2023-06-02 09:21:16,敦化南路二段與敦化南路二段81巷口西北側,2,1
152,YouBike2.0_原臺北刑務所官舍,23,0,大安區,2023-06-02 08:42:04,金華街78號對側,23,1
153,YouBike2.0_捷運國父紀念館站(1號出口),25,2,大安區,2023-06-02 09:21:16,光復南路200巷26號東側,21,1
154,YouBike2.0_懷生國中,15,0,大安區,2023-06-02 08:46:04,忠孝東路三段248巷30號,15,1
155,YouBike2.0_仁愛敦南圓環(西北側),20,17,大安區,2023-06-02 09:21:16,仁愛路四段85號前,2,1
156,YouBike2.0_立人國小,17,4,大安區,2023-06-02 09:22:14,安和路二段/敦化南路二段81巷(西南側),13,1
157,YouBike2.0_和平東路二段18巷口,24,1,大安區,2023-06-02 09:13:14,辛亥路二段43號前,22,1
158,YouBike2.0_捷運大安站(5號出口),19,2,大安區,2023-06-02 09:22:14,復興南路二段/信義路四段(東南側),15,1
159,YouBike2.0_臨江公園,13,0,大安區,2023-06-02 09:10:10,通化街143巷33號對側,13,1
160,YouBike2.0_羅斯福路四段113巷19弄口,14,1,大安區,2023-06-02 09:14:04,羅斯福路四段119巷84號對側,13,1
161,YouBike2.0_忠孝東路四段248巷口,15,5,大安區,2023-06-02 09:17:24,忠孝東路四段230號前,8,1
162,YouBike2.0_仁愛延吉路口(西北側),18,1,大安區,2023-06-02 08:55:22,仁愛路四段363號前,17,1
163,YouBike2.0_樂利路101巷口,13,1,大安區,2023-06-02 09:22:14,樂利路97號前,12,1
164,YouBike2.0_羅斯福浦城街口,15,4,大安區,2023-06-02 09:16:14,羅斯福路三段117號前,11,1
165,YouBike2.0_敦化南路一段295巷口,18,0,大安區,2023-06-02 08:19:04,敦化南路一段295巷1號,17,1
166,YouBike2.0_延平國宅,30,12,大同區,2023-06-02 09:15:16,延平北路五段1-1號(對面),18,1
167,YouBike2.0_臺北市立圖書館大同分館,20,2,大同區,2023-06-02 09:13:14,重慶北路三段318號旁,18,1
168,YouBike2.0_合昌宮,15,5,大同區,2023-06-02 08:50:22,環河北路二段371號旁,8,1
169,YouBike2.0_民族延平路口,23,3,大同區,2023-06-02 09:14:14,延平北路三段123號北側,18,1
170,YouBike2.0_重慶酒泉街口,30,6,大同區,2023-06-02 09:21:16,重慶北路三段260號前,24,1
171,YouBike2.0_樹德公園,14,2,大同區,2023-06-02 09:12:15,大龍街85巷12號對側,12,1
172,YouBike2.0_陳天來故居,18,8,大同區,2023-06-02 09:22:14,西寧北路112號前方,10,1
173,YouBike2.0_臺北孔廟,27,3,大同區,2023-06-02 09:21:16,哈密街61號口對側人行道,24,1
174,YouBike2.0_捷運圓山站(1號出口),44,0,大同區,2023-06-02 09:21:16,酒泉街235號前,44,1
175,YouBike2.0_酒泉延平路口,26,21,大同區,2023-06-02 09:11:15,酒泉街235號前,5,1
176,YouBike2.0_重慶國中,37,32,大同區,2023-06-02 09:07:15,敦煌路19號前,5,1
177,YouBike2.0_重慶北路三段383巷口,25,6,大同區,2023-06-02 09:04:16,敦煌路與重慶北路三段383巷口,19,1
178,YouBike2.0_台北數位產業園區,24,8,大同區,2023-06-02 09:17:24,承德路三段287號前方,16,1
179,YouBike2.0_民權延平路口(西北側),20,1,大同區,2023-06-02 09:09:14,民權西路239號前方,19,1
180,YouBike2.0_民權迪化街口,23,5,大同區,2023-06-02 09:03:14,民權西路與迪化街一段口(橋墩下),18,1
181,YouBike2.0_大稻埕公園,25,3,大同區,2023-06-02 09:17:24,安西街1巷7號(對側),22,1
182,YouBike2.0_大龍老人住宅,14,2,大同區,2023-06-02 09:15:16,民族西路82號前方,11,1
183,YouBike2.0_大龍峒社會住宅,20,10,大同區,2023-06-02 09:12:15,承德路三段210號旁,10,1
184,YouBike2.0_捷運大橋頭站(2號出口),57,1,大同區,2023-06-02 09:21:16,捷運大橋頭站(2號出口)西側,56,1
185,YouBike2.0_捷運大橋頭站(1A出口),18,1,大同區,2023-06-02 09:21:16,民權西路237號旁,17,1
186,YouBike2.0_捷運民權西路站(2號出口),25,8,大同區,2023-06-02 09:14:14,捷運民權西路站(2號出口)西側,17,1
187,YouBike2.0_捷運雙連站(2號出口),41,4,大同區,2023-06-02 09:22:14,萬全街22號對面,36,1
188,YouBike2.0_捷運北門站(3號出口),62,14,大同區,2023-06-02 09:22:14,塔城街與鄭州路口西南側,42,1
189,YouBike2.0_朝陽公園,10,5,大同區,2023-06-02 09:18:13,重慶北路二段62-1號旁,5,1
190,YouBike2.0_永樂市場,38,23,大同區,2023-06-02 09:21:16,南京西路233巷103號旁,15,1
191,YouBike2.0_大龍公園,18,0,大同區,2023-06-02 08:42:04,大龍街217號對側,18,1
192,YouBike2.0_重慶涼州街口,13,2,大同區,2023-06-02 09:02:14,重慶北路二段180號旁,11,1
193,YouBike2.0_圓山線形公園,14,1,大同區,2023-06-02 09:15:16,玉門街/民族西路(西北側),13,1
194,YouBike2.0_圓環站,28,5,大同區,2023-06-02 09:14:14,重慶北路一段128號前,23,1
195,YouBike2.0_重慶民族路口,20,2,大同區,2023-06-02 09:17:24,重慶北路三段162號前,17,1
196,YouBike2.0_承德路三段8巷口,16,7,大同區,2023-06-02 09:21:16,承德路三段14號前,8,1
197,YouBike2.0_太原廣場,31,4,大同區,2023-06-02 09:16:14,鄭州路23號(旁),21,1
198,YouBike2.0_國順公園,20,0,大同區,2023-06-02 09:09:04,昌吉街117號前,20,1
199,YouBike2.0_聯合醫院中興院區,27,21,大同區,2023-06-02 09:21:33,長安西路299號(對面),6,1
200,YouBike2.0_蔣渭水紀念公園,24,1,大同區,2023-06-02 09:14:14,錦西街/興城街口(西南側),23,1
201,YouBike2.0_迪化休閒運動公園,15,3,大同區,2023-06-02 09:21:16,延平北路四段200號(南側),12,1
202,YouBike2.0_大同運動中心,16,10,大同區,2023-06-02 09:21:16,大龍街51號(旁),5,1
203,YouBike2.0_重慶保安街口(家樂福重慶店),20,1,大同區,2023-06-02 09:21:04,重慶北路二段171號(旁),19,1
204,YouBike2.0_大稻埕碼頭,35,2,大同區,2023-06-02 09:18:13,大稻埕疏散門(淡五號水門)外,33,1
205,YouBike2.0_歸綏戲曲公園,20,3,大同區,2023-06-02 09:21:16,重慶北路二段/歸綏街口(南側),17,1
206,YouBike2.0_民權國中(民權西路),17,1,大同區,2023-06-02 09:22:14,民權西路/蘭州街(西側),16,1
207,YouBike2.0_承德民權路口,17,13,大同區,2023-06-02 09:17:24,承德路二段239號前,4,1
208,YouBike2.0_南京太原路口,18,4,大同區,2023-06-02 09:21:16,南京西路/太原路(東側),14,1
209,YouBike2.0_承德民生西路口,11,5,大同區,2023-06-02 09:21:16,承德路二段137號前,6,1
210,YouBike2.0_太原五原路口,24,0,大同區,2023-06-02 09:21:04,太原路 / 五原路口(東南側),24,1
211,YouBike2.0_臺北轉運站(華陰街),20,12,大同區,2023-06-02 09:22:14,華陰街45號(對面),6,1
212,YouBike2.0_捷運民權西路站(3號出口),50,7,大同區,2023-06-02 09:19:14,民權西路70巷37號對面,43,1
213,YouBike2.0_捷運中山站(5號出口),11,1,大同區,2023-06-02 09:19:14,南京西路57號前,10,1
214,YouBike2.0_重慶長安路口,15,0,大同區,2023-06-02 09:03:03,長安西路244號(重慶路側),15,1
215,YouBike2.0_承德昌吉街口,18,2,大同區,2023-06-02 09:11:15,承德路三段83號前,16,1
216,YouBike2.0_大同16號廣場,14,0,大同區,2023-06-02 07:47:04,環河北路一段/民生西路口(東南側),14,1
217,YouBike2.0_捷運圓山站(2號出口),37,23,大同區,2023-06-02 09:18:13,承德路三段/庫倫街(東南側),14,1
218,YouBike2.0_樹德公園_1,21,2,大同區,2023-06-02 09:01:15,大龍街/大龍街85巷(東北側),17,1
219,YouBike2.0_承德鄭州路口(市民高架下),38,10,大同區,2023-06-02 09:01:15,承德路一段/鄭州路口(市民高架下),26,1
220,YouBike2.0_成淵高中,14,6,大同區,2023-06-02 09:19:14,錦西街與錦西街52巷口東北側,7,1
221,YouBike2.0_雙蓮國小,20,8,大同區,2023-06-02 09:09:14,民權西路102巷4弄25號對側人行道,11,1
222,YouBike2.0_寧夏涼州街口,15,4,大同區,2023-06-02 09:07:15,寧夏路141號對側,11,1
223,YouBike2.0_延平涼州街口,14,1,大同區,2023-06-02 09:21:16,延平北路二段/涼州街口(行人天橋下),13,1
224,YouBike2.0_劍潭抽水站,17,8,士林區,2023-06-02 09:09:14,通河東街325巷/通河東街口,9,1
225,YouBike2.0_通河東街大南路口,15,14,士林區,2023-06-02 09:18:13,通河東街1段192號(旁),1,1
226,YouBike2.0_福港街停車場,22,2,士林區,2023-06-02 09:19:14,華齡街175號(旁),20,1
227,YouBike2.0_百齡國小,50,39,士林區,2023-06-02 09:22:14,前港街104號(對面),9,1
228,YouBike2.0_雨聲街165巷口,15,9,士林區,2023-06-02 09:17:24,雨聲街/雨聲街165巷(西北側),6,1
229,YouBike2.0_天和公園,13,2,士林區,2023-06-02 09:21:16,天母東路69巷30號(前方路側),11,1
230,YouBike2.0_中山天母路口,29,0,士林區,2023-06-02 09:08:04,天母西路3-55號前人行道,29,1
231,YouBike2.0_天母運動公園,27,7,士林區,2023-06-02 09:22:14,忠誠路二段/忠誠路二段207巷(東南側),20,1
232,YouBike2.0_臺北市立大學(天母校區),23,7,士林區,2023-06-02 09:08:15,士東路276號至280號對面人行道,16,1
233,YouBike2.0_忠誠路二段53巷,18,0,士林區,2023-06-02 09:21:16,忠誠路2段53巷7號(對面),16,1
234,YouBike2.0_天母棒球場,26,13,士林區,2023-06-02 09:19:14,忠誠路二段122號(對面),13,1
235,YouBike2.0_天母北天玉街口,15,1,士林區,2023-06-02 09:11:15,天母北路33號(前),14,1
236,YouBike2.0_蘭興公園,48,18,士林區,2023-06-02 09:22:14,中山北路六段/士東路(西北側),30,1
237,YouBike2.0_明勝公園,14,0,士林區,2023-06-02 09:21:04,承德路4段6巷71號(對面),14,1
238,YouBike2.0_劍潭海外青年活動中心,23,10,士林區,2023-06-02 09:19:14,中山北路4段/通河街口,13,1
239,YouBike2.0_忠誠路一段173巷口,11,1,士林區,2023-06-02 09:22:14,忠誠路一段177號(前),10,1
240,YouBike2.0_雨農國小,35,6,士林區,2023-06-02 09:22:14,忠誠路一段127號(前),29,1
241,YouBike2.0_忠誠公園,14,5,士林區,2023-06-02 09:11:15,忠誠路一段18號(對面),9,1
242,YouBike2.0_芝山抽水站,21,1,士林區,2023-06-02 09:05:16,至誠路二段47-49號(前),19,1
243,YouBike2.0_至誠路一段305巷口,21,0,士林區,2023-06-02 08:47:04,至誠路一段303號(對面),21,1
244,YouBike2.0_華齡公園,25,5,士林區,2023-06-02 09:21:33,劍潭路76號(對面),20,1
245,YouBike2.0_前港公園(福德宮),18,5,士林區,2023-06-02 09:06:14,後港街134巷/後港街口,13,1
246,YouBike2.0_華齡街185巷口,12,0,士林區,2023-06-02 08:35:04,華齡街188號(前),12,1
247,YouBike2.0_前港公園(前港街),19,15,士林區,2023-06-02 09:21:16,前港街48號(對面),1,1
248,YouBike2.0_百齡高中,15,5,士林區,2023-06-02 09:16:14,承德路四段179巷/承德路4段口,10,1
249,YouBike2.0_捷運芝山站(2號出口),21,14,士林區,2023-06-02 08:58:14,福華路151號(對面),7,1
250,YouBike2.0_臺灣戲曲中心,14,11,士林區,2023-06-02 09:14:14,文林路751號(南側),3,1
251,YouBike2.0_捷運劍潭站(2號出口),79,18,士林區,2023-06-02 09:21:16,基河路18號(對面),54,1
252,YouBike2.0_劍潭基河路口,20,7,士林區,2023-06-02 09:02:14,劍潭路基河路口(捷運站橋下空間),13,1
253,YouBike2.0_志成公園,23,4,士林區,2023-06-02 09:21:33,中正路/雨農路口(西北側),19,1
254,YouBike2.0_福林國小,14,0,士林區,2023-06-02 08:54:04,福志路50號(對面),14,1
255,YouBike2.0_中山中正路口,19,7,士林區,2023-06-02 09:19:14,中山北路五段609號(前),11,1
256,YouBike2.0_士林運動中心,30,4,士林區,2023-06-02 09:22:14,士商路1號(前),22,1
257,YouBike2.0_陽明高中,36,16,士林區,2023-06-02 09:08:15,中正路510號(前),20,1
258,YouBike2.0_兒童新樂園,23,13,士林區,2023-06-02 09:21:33,承德路五段55號(旁公車亭),10,1
259,YouBike2.0_臺北市立天文館,31,2,士林區,2023-06-02 09:15:16,基河路363號(前),29,1
260,YouBike2.0_華聲公園,27,0,士林區,2023-02-03 10:09:04,華聲街17號(南側路側),27,0
261,YouBike2.0_福林公園,17,11,士林區,2023-06-02 09:11:15,福林路/中山北路五段(東北側),6,1
262,YouBike2.0_捷運士林站(2號出口),30,4,士林區,2023-06-02 09:21:16,中山北路五段505巷44弄2號(對面),24,1
263,YouBike2.0_銘傳大學,30,0,士林區,2023-05-31 09:39:15,中山北路五段250號(銘傳大學對側),29,0
264,YouBike2.0_士林高商,26,19,士林區,2023-06-02 09:01:15,士商路150號(校門旁),7,1
265,YouBike2.0_蘭雅公園,32,21,士林區,2023-06-02 09:22:14,忠誠路二段/忠誠路二段40巷(西南側),11,1
266,YouBike2.0_聯合醫院陽明院區,15,7,士林區,2023-06-02 09:07:15,雨聲街105號(南側),8,1
267,YouBike2.0_捷運芝山站(1號出口),36,2,士林區,2023-06-02 09:21:16,福華路114號(對面),34,1
268,YouBike2.0_至誠公園,15,6,士林區,2023-06-02 08:58:14,至誠路一段80號(對面),9,1
269,YouBike2.0_原住民文化主題公園,21,2,士林區,2023-06-02 09:06:14,至善路二段280號(對面),19,1
270,YouBike2.0_通河東街2段10巷口,15,5,士林區,2023-06-02 09:06:14,通河東街2段5號(對面),10,1
271,YouBike2.0_梅林新村,15,4,士林區,2023-06-02 08:15:17,至善路一段/至善路一段138巷(北側),11,1
272,YouBike2.0_延平北中正路口,30,6,士林區,2023-06-02 09:02:14,中正路613號(對面),24,1
273,YouBike2.0_重慶北路四段190巷口,13,0,士林區,2023-06-02 07:47:04,重慶北路四段198號(前),13,1
274,YouBike2.0_重慶北葫東街口,15,1,士林區,2023-06-02 09:21:16,重慶北路四段177號(前),14,1
275,YouBike2.0_葫蘆國小,20,6,士林區,2023-06-02 09:22:14,環河北路三段/葫蘆街(東北側),14,1
276,YouBike2.0_士林3號廣場,30,5,士林區,2023-06-02 09:13:14,中山北路六段81號(旁),25,1
277,YouBike2.0_社正公園,15,6,士林區,2023-06-02 09:22:14,社中街39號(對面),8,1
278,YouBike2.0_社子國小,15,5,士林區,2023-06-02 09:12:15,社中街476號(對面),10,1
279,YouBike2.0_社中街384巷口,18,5,士林區,2023-06-02 07:54:16,通河西街二段194號(對面),13,1
280,YouBike2.0_忠誠路一段138號,15,13,士林區,2023-06-02 09:10:21,忠誠路一段138號(斜前方),1,1
281,YouBike2.0_社子公園,14,2,士林區,2023-06-02 08:51:15,永平街20巷37弄/永平街20巷11弄(社子公園南側),10,1
282,YouBike2.0_國立故宮博物院,17,7,士林區,2023-06-02 09:21:16,力行街8號(對面),10,1
283,YouBike2.0_泰北高中,16,14,士林區,2023-06-02 08:27:15,福林路240號(前),2,1
284,YouBike2.0_後港公園,15,3,士林區,2023-06-02 08:54:14,通河東街二段26號(旁公園),11,1
285,YouBike2.0_重慶北路四段117號,18,7,士林區,2023-06-02 09:09:14,重慶北路四段117號(前),11,1
286,YouBike2.0_社子島島頭公園,15,3,士林區,2023-06-02 08:38:14,延平北路九段323號(後方堤外),12,1
287,YouBike2.0_延平北路八段133巷口,15,11,士林區,2023-06-02 08:24:15,延平北路八段133巷42號(對面),4,1
288,YouBike2.0_坤天亭,14,6,士林區,2023-06-02 07:47:15,延平北路八段96巷15號(前),8,1
289,YouBike2.0_社子島濕地解說小築,15,11,士林區,2023-06-02 08:10:22,社子島濕地解說小築,4,1
290,YouBike2.0_福安國中,11,6,士林區,2023-06-02 08:16:15,延平北路七段250號(前),5,1
291,YouBike2.0_福安消防分隊,15,2,士林區,2023-06-02 09:01:15,延平北路七段42之7號(對面),13,1
292,YouBike2.0_聖山綠地,15,0,士林區,2023-06-02 09:08:04,忠義街94號(旁),15,1
293,YouBike2.0_芝山國小,30,27,士林區,2023-06-02 09:14:14,德行東路285號(德行東路283巷側人行道),3,1
294,YouBike2.0_士林新天地,29,18,士林區,2023-06-02 09:15:16,大南路325號前方,11,1
295,YouBike2.0_蘭雅國小,27,8,士林區,2023-06-02 09:21:16,礦溪街與中山北路六段195巷口,19,1
296,YouBike2.0_中正基河路口,28,20,士林區,2023-06-02 09:21:16,中正路420號前,8,1
297,YouBike2.0_福林公園(中正路),27,11,士林區,2023-06-02 09:10:21,中正路/志成街口(南側),16,1
298,YouBike2.0_至善臨溪路口,22,11,士林區,2023-06-02 09:15:16,至善路一段/臨溪路(西南側),11,1
299,YouBike2.0_市立圖書館葫蘆堵分館,13,3,士林區,2023-06-02 09:11:15,延平北路五段136巷1號前,10,1
300,YouBike2.0_東山路110巷口,16,8,士林區,2023-06-02 09:21:16,東山路114號對側,8,1
301,YouBike2.0_永平社會住宅,15,5,士林區,2023-06-02 08:38:14,環河北路三段261巷2號,10,1
302,YouBike2.0_雨農橋,16,0,士林區,2023-06-02 08:33:04,福志路14巷42號(對面),16,1
303,YouBike2.0_通河街76巷/承德路四段10巷口,14,4,士林區,2023-06-02 09:22:14,承德路四段10巷37號(旁),10,1
304,YouBike2.0_芝山聖佑宮,15,8,士林區,2023-06-02 09:16:14,雨聲街90號旁,7,1
305,YouBike2.0_至誠雨聲街口,9,1,士林區,2023-06-02 09:14:14,至誠路二段與雨聲街口東北側,8,1
306,YouBike2.0_捷運線型公園(後街),13,3,士林區,2023-06-02 09:21:33,後街15號旁,10,1
307,YouBike2.0_天母公園,12,0,士林區,2023-06-02 08:06:04,中山北路七段141巷30號對側,12,1
308,YouBike2.0_基河文林路口,16,5,士林區,2023-06-02 09:12:15,基河路3-1號對側人行道,11,1
309,YouBike2.0_文林福華路口,19,3,士林區,2023-06-02 09:15:16,文林路 / 福華路口(東側),16,1
310,YouBike2.0_劍潭海外青年活動中心_1,24,1,士林區,2023-06-02 09:21:16,通河街 / 通河街2巷(南側),23,1
311,YouBike2.0_社子國小_1,20,8,士林區,2023-06-02 08:51:15,延平北路六段/社中街(社子國小對面跨提便道橋下),12,1
312,YouBike2.0_捷運劍潭站(1號出口),70,30,士林區,2023-06-02 09:21:16,捷運劍潭站(1號出口)北側,40,1
313,YouBike2.0_德行東山路口,12,10,士林區,2023-06-02 08:29:14,德行東路/東山路(西北側),2,1
314,YouBike2.0_重慶北通河西街口,12,0,士林區,2023-06-02 09:17:14,重慶北路四段276號(前),10,1
315,YouBike2.0_葫蘆國小(延平北路五段285巷),15,3,士林區,2023-06-02 08:15:17,環河北路三段/延平北路五段285巷,12,1
316,YouBike2.0_社子市場,15,0,士林區,2023-06-02 06:45:04,延平北路六段67號旁,15,1
317,YouBike2.0_士林區農會社子分部,8,3,士林區,2023-06-02 09:01:15,社子街162號旁,5,1
318,YouBike2.0_承德劍潭路口,19,10,士林區,2023-06-02 09:22:04,承德路四段與劍潭路口西側,9,1
319,YouBike2.0_文林路101巷口,7,4,士林區,2023-06-02 09:04:16,文林路100號前,3,1
320,YouBike2.0_延平北路五段257巷15弄口,13,3,士林區,2023-06-02 08:47:15,葫蘆街184號對側,10,1
321,YouBike2.0_延平北路五段257巷4弄口,15,1,士林區,2023-06-02 09:21:16,延平北路五段257巷17號前,14,1
322,YouBike2.0_啟明學校,16,0,士林區,2023-06-02 08:53:04,忠誠路二段200號(新光三越天母店)對側,16,1
323,YouBike2.0_中山福國路口,14,0,士林區,2023-05-29 11:56:14,中山北路五段837號前,14,0
324,YouBike2.0_德行公園,14,4,士林區,2023-06-02 09:17:24,德行西路33號對側,10,1
325,YouBike2.0_承德後港街口,11,5,士林區,2023-06-02 08:43:15,承德路四段/後港街口,6,1
326,YouBike2.0_中山北路五段698巷口,15,2,士林區,2023-06-02 09:22:14,中山北路五段692號前,13,1
327,YouBike2.0_捷運士林站(1號出口),38,9,士林區,2023-06-02 09:21:16,中正路236巷/中正路口,29,1
328,YouBike2.0_捷運芝山站(2號出口)_1,62,30,士林區,2023-06-02 09:22:14,福華路/福華路162巷(東南側),32,1
329,YouBike2.0_銘傳大學(中山北路五段280巷口),23,9,士林區,2023-06-02 09:17:24,中山北路五段280巷口,14,1
330,YouBike2.0_海光公園南側,12,2,士林區,2023-06-02 09:06:14,葫蘆街79號對側公園,10,1
331,YouBike2.0_士商路40巷口,15,4,士林區,2023-06-02 09:16:14,士商路40巷2號旁,9,1
332,YouBike2.0_劍潭郵局,16,6,士林區,2023-06-02 09:12:15,基河路/承德路四段77巷口(捷運橋下),10,1
333,YouBike2.0_士東路91巷口,16,3,士林區,2023-06-02 09:21:16,士東路91巷3號旁,13,1
334,YouBike2.0_美崙公園,13,8,士林區,2023-06-02 09:22:04,美崙街118號斜對面人行道,5,1
335,YouBike2.0_臺北市立大學(忠誠路二段207巷),17,4,士林區,2023-06-02 09:19:14,忠誠路二段207巷/士東路299巷口,13,1
336,YouBike2.0_天母東路8巷/忠誠路二段154巷口,14,6,士林區,2023-06-02 09:11:15,天母東路8巷57號對側,5,1
337,YouBike2.0_美崙公園(東北側),15,9,士林區,2023-06-02 08:56:16,文林路587巷115號對側,6,1
338,YouBike2.0_台北花木批發市場,32,11,文山區,2023-06-02 09:21:16,萬盛街/興隆路一段(西北側),21,1
339,YouBike2.0_捷運萬隆站(4號出口),21,0,文山區,2023-06-02 09:19:04,羅斯福路5段210號(前),21,1
340,YouBike2.0_捷運萬隆站(1號出口),34,28,文山區,2023-06-02 09:22:14,羅斯福路五段250號(前),6,1
341,YouBike2.0_萬和二號公園,26,2,文山區,2023-06-02 09:11:15,萬隆街255號(對面),24,1
342,YouBike2.0_捷運萬隆站(2號出口),12,12,文山區,2023-06-02 09:21:04,興隆路一段70巷/羅斯福路5段211巷26弄口,0,1
343,YouBike2.0_景仁公園,16,8,文山區,2023-06-02 09:15:16,羅斯福路六段142巷1號(旁),8,1
344,YouBike2.0_捷運景美站(2號出口),63,40,文山區,2023-06-02 09:13:14,景文街1號(對面),23,1
345,YouBike2.0_羅斯福景隆街口,20,1,文山區,2023-06-02 09:21:16,羅斯福路六段/景隆街口(東南側),19,1
346,YouBike2.0_景福街/羅斯福路6段142巷口,28,17,文山區,2023-06-02 09:21:16,景福街/羅斯福路6段142巷口,11,1
347,YouBike2.0_興旺公園,30,4,文山區,2023-06-02 09:07:15,福興路106巷28弄96號(對面),26,1
348,YouBike2.0_興福國中,25,19,文山區,2023-06-02 09:18:13,福興路95巷/福興路63巷4弄口,6,1
349,YouBike2.0_興隆路2段203巷,32,19,文山區,2023-06-02 08:55:22,興隆路2段203巷108號(對面),10,1
350,YouBike2.0_景美運動公園,11,3,文山區,2023-06-02 09:16:14,景豐街79號(旁公園),8,1
351,YouBike2.0_景美醫院,18,6,文山區,2023-06-02 09:18:13,羅斯福路六段280號(前),12,1
352,YouBike2.0_師範大學公館校區,14,1,文山區,2023-06-02 09:08:15,汀州路四段77號(旁),13,1
353,YouBike2.0_景華街128巷口,20,11,文山區,2023-06-02 09:21:16,景華街124號(旁汽車格),9,1
354,YouBike2.0_仙跡岩登山口(景興路),22,0,文山區,2023-06-02 09:21:16,景興街239號(前),22,1
355,YouBike2.0_國立政治大學,35,9,文山區,2023-06-02 09:03:14,指南路二段153號(對面),26,1
356,YouBike2.0_捷運動物園站,18,3,文山區,2023-06-02 09:14:14,新光路二段30號(對面),15,1
357,YouBike2.0_捷運木柵站,31,20,文山區,2023-06-02 08:56:16,木柵路四段82巷18號前(捷運橋樑下),11,1
358,YouBike2.0_捷運萬芳社區站,31,2,文山區,2023-06-02 08:51:15,萬芳路60號(西側廣場),29,1
359,YouBike2.0_文山運動中心,20,10,文山區,2023-06-02 09:01:15,興隆路三段/興隆路三段192巷8弄,10,1
360,YouBike2.0_捷運辛亥站,29,24,文山區,2023-06-02 09:19:14,辛亥路四段114號(旁人行道),4,1
361,YouBike2.0_興豐公園,21,17,文山區,2023-06-02 08:58:14,興隆路二段123巷/興隆路二段(西北側),4,1
362,YouBike2.0_木柵光輝路口,19,8,文山區,2023-06-02 09:21:16,木柵路一段290號(旁),11,1
363,YouBike2.0_考試院,22,8,文山區,2023-06-02 09:09:14,試院路(雙號)/木柵路一段(東北側),13,1
364,YouBike2.0_和興路26巷口,15,3,文山區,2023-06-02 09:14:14,和興路44巷 / 和興路26巷口,11,1
365,YouBike2.0_世新大學,30,8,文山區,2023-06-02 09:22:14,木柵路一段17巷1號(西側),22,1
366,YouBike2.0_一壽橋,16,4,文山區,2023-06-02 08:56:16,樟新街64號前方,12,1
367,YouBike2.0_臺北市立景美女中,25,16,文山區,2023-06-02 09:14:14,木新路三段/一壽街(西北側),9,1
368,YouBike2.0_永安藝文館-表演36房,15,10,文山區,2023-06-02 08:45:16,木新路二段156號前人行道(永安市場),5,1
369,YouBike2.0_忠順區民活動中心,15,3,文山區,2023-06-02 09:03:14,忠順街二段22號前方人行道(忠順區民活動中心),12,1
370,YouBike2.0_景文中學,36,7,文山區,2023-06-02 08:51:15,保儀路/木柵路三段102巷口(西南側),29,1
371,YouBike2.0_老泉街籃球場,14,5,文山區,2023-06-02 09:03:14,老泉街26巷老泉街口(籃球場前),9,1
372,YouBike2.0_文山行政中心,18,2,文山區,2023-06-02 08:59:14,木柵路三段220號(前),16,1
373,YouBike2.0_木柵公園,25,14,文山區,2023-06-02 09:22:14,興隆路四段50號(前),11,1
374,YouBike2.0_興隆公共住宅D2區,19,10,文山區,2023-06-02 08:55:22,興隆路四段105巷49號(旁),9,1
375,YouBike2.0_木新路3段95巷口,16,9,文山區,2023-06-02 08:51:15,木新路三段95巷30號(對面),7,1
376,YouBike2.0_樟腳里公園,15,8,文山區,2023-06-02 09:22:14,木新路二段299巷15號(旁),7,1
377,YouBike2.0_實踐國中,14,8,文山區,2023-06-02 08:40:26,忠順街一段2號(旁),6,1
378,YouBike2.0_指南路3段2巷,13,0,文山區,2023-06-02 07:43:04,指南路三段4號(旁),13,1
379,YouBike2.0_萊茵公園,14,2,文山區,2023-06-02 09:02:15,忠順街二段87巷25弄29號,12,1
380,YouBike2.0_木柵社會住宅,12,7,文山區,2023-06-02 09:11:15,久康街24巷46號對側,5,1
381,YouBike2.0_秀明路一段185巷口,20,9,文山區,2023-06-02 08:10:23,秀明路一段與秀明路一段185巷口,11,1
382,YouBike2.0_秀明路一段129巷口,22,1,文山區,2023-06-02 08:46:14,秀明路一段129巷與秀明路一段路口,21,1
383,YouBike2.0_恆光橋(老泉街),13,3,文山區,2023-06-02 08:52:14,老泉街/恆光街口,10,1
384,YouBike2.0_萬有3號公園,14,4,文山區,2023-06-02 09:07:15,景隆街105號(對面),10,1
385,YouBike2.0_捷運萬芳醫院站(興隆路三段115巷),20,4,文山區,2023-06-02 08:54:15,興隆路三段115巷2號,16,1
386,YouBike2.0_興得閱覽室,24,6,文山區,2023-06-02 08:58:14,興隆路三段304巷145號,18,1
387,YouBike2.0_辛亥生態公園,18,3,文山區,2023-06-02 09:12:15,辛亥路四段199號,15,1
388,YouBike2.0_博嘉運動公園,12,9,文山區,2023-06-01 23:53:15,木柵路四段159巷16號,3,1
389,YouBike2.0_國立政治大學(萬壽路),56,22,文山區,2023-06-02 09:04:16,萬壽路16巷6號(前),34,1
390,YouBike2.0_仙岩公園,11,0,文山區,2023-06-02 09:04:04,仙岩路16巷37號旁,11,1
391,YouBike2.0_政大一街口,14,1,文山區,2023-06-02 09:06:14,政大一街19號對側,13,1
392,YouBike2.0_文山第二行政中心,30,7,文山區,2023-06-02 09:17:25,興隆路二段160-1號前,22,1
393,YouBike2.0_移民署訓練中心,13,8,文山區,2023-06-02 08:55:22,興隆路三段306號,5,1
394,YouBike2.0_海巡署(南側),10,1,文山區,2023-06-02 09:21:16,興隆路三段211號對側(公車亭後),9,1
395,YouBike2.0_明道國小東南側,18,4,文山區,2023-06-02 08:27:15,興隆路四段109巷116號對側,14,1
396,YouBike2.0_木南公園,12,0,文山區,2023-06-02 09:11:04,木新路二段永安街22巷口,12,1
397,YouBike2.0_實踐國中(木新路三段310巷口),17,10,文山區,2023-06-02 09:16:14,忠順街一段木新路三段310巷口,7,1
398,YouBike2.0_師範大學公館校區_1,25,0,文山區,2023-06-02 09:21:33,師大公館校區校門口(汀州路側),25,1
399,YouBike2.0_捷運動物園站(2號出口),39,26,文山區,2023-06-02 09:09:14,新光路二段28號前,13,1
400,YouBike2.0_政大水岸電梯,10,5,文山區,2023-06-02 08:51:15,政治大學水岸電梯旁,5,1
401,YouBike2.0_敦南山林,14,10,文山區,2023-06-02 08:25:15,木柵路四段159巷16弄(社區出入口對側),4,1
402,YouBike2.0_辛亥路五段73巷口,13,0,文山區,2023-06-02 09:17:14,辛亥路五段75-1號前人行道,13,1
403,YouBike2.0_景美污水抽水站,15,1,文山區,2023-06-02 09:21:04,汀州路四段10號北側人行道,14,1
404,YouBike2.0_萬和三號公園(北側),13,6,文山區,2023-06-02 09:19:14,溪洲街107巷(公園北側),7,1
405,YouBike2.0_景興國中,10,8,文山區,2023-06-02 09:21:33,三福街4巷與景興路46巷口,2,1
406,YouBike2.0_景仁公園_1,15,13,文山區,2023-06-02 09:10:21,景仁街 / 羅斯福路六段142巷口(北側),1,1
407,YouBike2.0_師大公館校區學二舍,40,1,文山區,2023-06-02 09:19:14,臺灣師範大學學二舍西側人行道,39,1
408,YouBike2.0_景行公園,15,12,文山區,2023-06-02 09:15:16,景中街與景中街30巷口,3,1
409,YouBike2.0_萬興國小,16,9,文山區,2023-06-02 08:53:14,秀明路二段114號公車亭旁,7,1
410,YouBike2.0_辛亥路四段77巷口,14,3,文山區,2023-06-02 08:55:22,辛亥路四段77巷口,11,1
411,YouBike2.0_景興路42巷口,12,5,文山區,2023-06-02 09:14:14,景興路42巷與景興路口西南側,7,1
412,YouBike2.0_木柵路三段48巷,15,8,文山區,2023-06-02 08:27:15,木柵路三段48巷1弄口,7,1
413,YouBike2.0_木柵路二段109巷,15,4,文山區,2023-06-02 09:07:15,木柵路二段109巷14號旁,11,1
414,YouBike2.0_試院公園,15,1,文山區,2023-06-02 09:21:16,木柵路一段59巷29號對側,14,1
415,YouBike2.0_萬美萬安街口,16,3,文山區,2023-06-02 08:24:15,萬美街一段/萬安街口,13,1
416,YouBike2.0_興隆路二段203巷(敦南),27,11,文山區,2023-06-02 09:17:25,興隆路二段203巷16號,16,1
417,YouBike2.0_新光秀明路口,15,6,文山區,2023-06-02 09:02:15,新光路一段145號前,9,1
418,YouBike2.0_臺北自來水事業處,20,0,中正區,2023-06-02 09:09:04,思源街1號東側,20,1
419,YouBike2.0_汀州思源街口東南側,20,0,中正區,2023-06-02 09:14:04,汀州路三段思源街口東南側,20,1
420,YouBike2.0_捷運公館站(1號出口),12,0,中正區,2023-06-02 09:16:04,羅斯福路四段68號,12,1
421,YouBike2.0_捷運公館站(4號出口),12,0,中正區,2023-06-02 09:17:14,羅斯福路四段48號,12,1
422,YouBike2.0_捷運古亭站(9號出口),20,14,中正區,2023-06-02 09:22:14,羅斯福路二段100號(前方),6,1
423,YouBike2.0_捷運古亭站(2號出口),55,30,中正區,2023-06-02 09:22:14,羅斯福路二段168號前,25,1
424,YouBike2.0_捷運臺電大樓站(1號出口),34,0,中正區,2023-06-02 09:04:12,辛亥路一段/羅斯福路三段南側,34,1
425,YouBike2.0_客家文化主題公園,15,0,中正區,2023-06-02 08:52:04,師大路/金門街11巷口對側人行道,14,1
426,YouBike2.0_河堤國小,27,3,中正區,2023-06-02 09:18:13,汀洲路二段182巷內186號旁,24,1
427,YouBike2.0_紀州庵,25,6,中正區,2023-06-02 09:21:16,水源路/同安街口(東側),19,1
428,YouBike2.0_捷運臺電大樓站(5號出口),14,0,中正區,2023-06-02 09:19:04,羅斯福路三段126號前,14,1
429,YouBike2.0_捷運臺電大樓站(4號出口),13,0,中正區,2023-06-02 09:21:04,師大路/羅斯福路三段西側,13,1
430,YouBike2.0_羅斯福三段金門街口,15,6,中正區,2023-06-02 09:18:13,羅斯福路三段2號前,9,1
431,YouBike2.0_牯嶺公園,46,17,中正區,2023-06-02 09:21:16,廈門街113巷/牯嶺街口(西側),29,1
432,YouBike2.0_捷運古亭站(8號出口),15,11,中正區,2023-06-02 09:21:16,和平西路一段13-1號前方,4,1
433,YouBike2.0_捷運古亭站(7號出口),12,5,中正區,2023-06-02 09:21:33,羅斯福路二段44號前方,7,1
434,YouBike2.0_南昌公園,41,14,中正區,2023-06-02 09:22:14,和平西路一段與南昌路二段口西北側,27,1
435,YouBike2.0_和平重慶路口,46,9,中正區,2023-06-02 09:18:13,和平西路一段/福州街口東側,36,1
436,YouBike2.0_孫立人將軍官邸,23,18,中正區,2023-06-02 09:22:14,南昌路一段136號前,5,1
437,YouBike2.0_羅斯福路二段6巷口,14,7,中正區,2023-06-02 09:09:14,羅斯福路二段/羅斯福路二段6巷口,7,1
438,YouBike2.0_金華杭州南路口,21,4,中正區,2023-06-02 09:21:16,金華街口/杭州南路二段西北側,17,1
439,YouBike2.0_捷運中正紀念堂站(3號出口),18,2,中正區,2023-06-02 09:21:16,金華街17號前方,16,1
440,YouBike2.0_捷運中正紀念堂站(4號出口),21,7,中正區,2023-06-02 09:18:13,羅斯福路一段5號前方,13,1
441,YouBike2.0_重慶南海路口西南側,16,4,中正區,2023-06-02 09:19:14,重慶南路二段與南海路口西南側,12,1
442,YouBike2.0_螢橋國小,32,2,中正區,2023-06-02 09:21:16,泉州街32號對面人行道,28,1
443,YouBike2.0_古亭智慧圖書館,14,2,中正區,2023-06-02 09:03:14,中華路二段443巷45號前,12,1
444,YouBike2.0_永昌公園,15,1,中正區,2023-06-02 09:22:14,詔安街224號前,10,1
445,YouBike2.0_中華路二段409巷口,15,0,中正區,2023-06-02 09:17:25,中華路二段403號前,12,1
446,YouBike2.0_南機場夜市(中華路二段),41,1,中正區,2023-06-02 09:18:13,中華路二段305巷至307巷,40,1
447,YouBike2.0_南海和平路口西南側,19,1,中正區,2023-06-02 09:09:14,南海路與和平西路二段西南側,18,1
448,YouBike2.0_莒光和平路口,20,1,中正區,2023-06-02 09:07:04,莒光路2號前,19,1
449,YouBike2.0_水源路11-1號旁,19,5,中正區,2023-06-02 09:06:14,水源路11-1號(旁),14,1
450,YouBike2.0_南門國中,29,16,中正區,2023-06-02 09:17:25,廣州街8巷/廣州街口東南側,10,1
451,YouBike2.0_捷運小南門站(2號出口),18,14,中正區,2023-06-02 09:21:16,愛國西路30號之2前方,4,1
452,YouBike2.0_介壽公園,23,13,中正區,2023-06-02 09:19:14,貴陽街懷寧街口(東北側),10,1
453,YouBike2.0_中華貴陽街口,20,13,中正區,2023-06-02 09:21:16,貴陽街一段243之1號(前),7,1
454,YouBike2.0_華山文創園區,39,12,中正區,2023-06-02 09:22:14,忠孝東路二段41號,27,1
455,YouBike2.0_捷運善導寺站(1號出口),33,3,中正區,2023-06-02 09:16:14,忠孝東路一段7號,30,1
456,YouBike2.0_濟南紹興路口,39,13,中正區,2023-06-02 09:19:14,濟南紹興路口東南側,26,1
457,YouBike2.0_林森仁愛路口,13,3,中正區,2023-06-02 09:17:25,林森南路與仁愛路一段西北側,10,1
458,YouBike2.0_中正運動中心,30,13,中正區,2023-06-02 09:21:16,信義路一段1號前,17,1
459,YouBike2.0_信義杭州路口,47,36,中正區,2023-06-02 09:21:33,信義路一段21號前,11,1
460,YouBike2.0_捷運善導寺站(3號出口),20,4,中正區,2023-06-02 09:21:16,林森南路1號南側,16,1
461,YouBike2.0_捷運小南門站(1號出口),46,24,中正區,2023-06-02 09:21:16,愛國西路/延平南路(西北側),22,1
462,YouBike2.0_延平南路133巷口,17,11,中正區,2023-06-02 09:22:14,延平南路162號對側,6,1
463,YouBike2.0_捷運西門站(2號出口),36,7,中正區,2023-06-02 09:21:16,中華路一段59號旁,29,1
464,YouBike2.0_寶慶博愛路口,27,22,中正區,2023-06-02 09:22:14,博愛路162號,5,1
465,YouBike2.0_法務部,27,14,中正區,2023-06-02 09:12:15,重慶南路一段130號旁,8,1
466,YouBike2.0_臺北市立大學(博愛校區),59,26,中正區,2023-06-02 09:16:14,愛國西路1號(前),28,1
467,YouBike2.0_國家圖書館,36,10,中正區,2023-06-02 09:21:33,中山南路20號前,26,1
468,YouBike2.0_市民金山路口,30,2,中正區,2023-06-02 09:19:14,金山市民大道口南側,28,1
469,YouBike2.0_聯合醫院和平院區,32,4,中正區,2023-06-02 09:21:16,中華路二段33號旁,28,1
470,YouBike2.0_中山堂,29,20,中正區,2023-06-02 09:21:16,武昌街一段與延平南路口,9,1
471,YouBike2.0_中華漢口街口,19,5,中正區,2023-06-02 09:21:16,中華路一段與漢口街一段路口,14,1
472,YouBike2.0_中華路一段21巷口,22,2,中正區,2023-06-02 08:53:14,中華路一段11號(斜前方),20,1
473,YouBike2.0_捷運臺大醫院站(4號出口),60,5,中正區,2023-06-02 09:22:14,常德街1號(公園路側),54,1
474,YouBike2.0_寶藏巖觀音亭,23,1,中正區,2023-06-02 07:16:15,汀州路三段230巷23號,22,1
475,YouBike2.0_師大水源路口,21,0,中正區,2023-06-02 08:55:11,師大路/水源路口(東南側),21,1
476,YouBike2.0_中山徐州路口,16,9,中正區,2023-06-02 09:18:13,中山南路/徐州路(東南側),7,1
477,YouBike2.0_信義連雲街口,31,5,中正區,2023-06-02 09:22:14,信義路二段213號前,26,1
478,YouBike2.0_臺北轉運站,68,1,中正區,2023-06-02 09:10:21,市民大道一段/中山北路一段(西北側),67,1
479,YouBike2.0_莒光大埔街口,32,0,中正區,2023-06-02 09:21:33,莒光路/大埔街口(東北側),32,1
480,YouBike2.0_捷運忠孝新生站(2號出口),32,0,中正區,2023-06-02 09:13:04,忠孝東路二段132號(東側),32,1
481,YouBike2.0_光華商場,28,4,中正區,2023-06-02 09:21:16,新生北路一段/市民大道三段口(西側),24,1
482,YouBike2.0_中山青島路口,30,8,中正區,2023-06-02 09:17:25,中山南路/青島東路口(東北側),22,1
483,YouBike2.0_捷運中正紀念堂站(5號出口),29,5,中正區,2023-06-02 09:12:15,捷運中正紀念堂站(5號出口)西側,23,1
484,YouBike2.0_北平東杭州北路口,20,8,中正區,2023-06-02 09:17:25,北平東路/杭州北路口(東北側),12,1
485,YouBike2.0_王貫英先生紀念圖書館,15,9,中正區,2023-06-02 09:19:14,汀州路二段265號,6,1
486,YouBike2.0_金山信義路口,25,0,中正區,2023-06-02 09:22:14,金山南路一段148號前側,24,1
487,YouBike2.0_林森徐州路口,16,10,中正區,2023-06-02 09:16:14,林森南路/徐州路口(西南側),3,1
488,YouBike2.0_徐州杭州路口,19,3,中正區,2023-06-02 09:17:25,徐州路/杭州南路一段口(西北側),15,1
489,YouBike2.0_捷運中正紀念堂站(6號出口),17,1,中正區,2023-06-02 08:58:04,捷運中正紀念堂站(6號出口)北側,15,1
490,YouBike2.0_捷運臺北車站(M2出口),20,2,中正區,2023-06-02 09:21:16,市民大道一段168號旁,18,1
491,YouBike2.0_臺北市國父史蹟館(逸仙公園),31,2,中正區,2023-06-02 09:07:15,中山北路一段46號北側,29,1
492,YouBike2.0_捷運西門站(5號出口),30,1,中正區,2023-06-02 09:17:14,捷運西門站(5號出口)南側,29,1
493,YouBike2.0_弘道國中,18,5,中正區,2023-06-02 09:22:14,公園路21號西北側,8,1
494,YouBike2.0_臺北市第一女子高級中學,17,9,中正區,2023-06-02 09:16:14,重慶南路一段165號旁,8,1
495,YouBike2.0_台北市替代役中心,15,0,中正區,2023-06-02 09:14:04,汀州路三段8號前,15,1
496,YouBike2.0_紹興徐州路口,18,2,中正區,2023-06-02 09:21:16,紹興南街/徐州路(東南側),16,1
497,YouBike2.0_羅斯福寧波東街口,20,1,中正區,2023-06-02 09:15:05,羅斯福路一段/寧波東街(東南側),18,1
498,YouBike2.0_自來水園區,30,0,中正區,2023-06-02 08:52:04,中正區思源街16號對面人行道,29,1
499,YouBike2.0_仁愛林森路口,20,15,中正區,2023-06-02 09:16:14,仁愛路一段路口/林森南路(東北側),5,1
500,YouBike2.0_捷運西門站(3號出口),36,1,中正區,2023-06-02 09:15:16,中華路一段/寶慶路(東南側),35,1
501,YouBike2.0_仁愛金山路口,9,1,中正區,2023-06-02 09:21:04,仁愛路二段31號前,7,1
502,YouBike2.0_杭州南路一段101巷口,14,0,中正區,2023-06-02 07:36:04,金山南路一段72號前,14,1
503,YouBike2.0_仁愛杭州路口,15,8,中正區,2023-06-02 09:21:16,仁愛路一段59號旁,7,1
504,YouBike2.0_龍興里活動中心,21,12,中正區,2023-06-02 09:22:14,三元街131號旁,9,1
505,YouBike2.0_植物園,22,12,中正區,2023-06-02 09:10:21,和平西路二段100號前,10,1
506,YouBike2.0_郵政博物館,20,16,中正區,2023-06-02 09:19:14,重慶南路二段45號前方(郵政博物館前),4,1
507,YouBike2.0_林森北平路口,20,4,中正區,2023-06-02 08:46:14,林森北路與北平東路口西北側,16,1
508,YouBike2.0_北平紹興路口,15,2,中正區,2023-06-02 08:56:16,北平東路30號對側人行道,13,1
509,YouBike2.0_天津北平路口,15,1,中正區,2023-06-02 09:19:04,天津街1號對側人行道,14,1
510,YouBike2.0_捷運忠孝新生站(1號出口),19,1,中正區,2023-06-02 09:21:04,捷運忠孝新生站(1號出口)後方,18,1
511,YouBike2.0_捷運忠孝新生站(5號出口),13,0,中正區,2023-06-02 09:03:03,新生南路一段56號前方,13,1
512,YouBike2.0_捷運臺大醫院站(1號出口),19,4,中正區,2023-06-02 09:19:14,公園路/常德街口(西側),14,1
513,YouBike2.0_臺大醫院兒童醫院,22,2,中正區,2023-06-02 09:21:16,中山南路8號(青島西路側),18,1
514,YouBike2.0_林森濟南路口(東北側),15,13,中正區,2023-06-02 09:16:14,林森南路/濟南路一段口(東北側),2,1
515,YouBike2.0_仁愛紹興街口(南側),17,17,中正區,2023-06-02 08:59:04,仁愛路一段/紹興南街口(南側),0,1
516,YouBike2.0_中華南海路口,15,1,中正區,2023-06-02 08:15:17,中華路二段343號前,14,1
517,YouBike2.0_立法院台北會館,15,2,中正區,2023-06-02 09:21:16,博愛路217號旁,12,1
518,YouBike2.0_捷運善導寺站(3號出口)(忠孝東路側),17,3,中正區,2023-06-02 09:22:14,忠孝東路一段/林森南路口,14,1
519,YouBike2.0_國家音樂廳,22,6,中正區,2023-06-02 09:08:16,信義路一段(國家音樂廳西北側),16,1
520,YouBike2.0_忠孝西重慶南路口,33,19,中正區,2023-06-02 09:22:14,忠孝西路一段100號前,14,1
521,YouBike2.0_濟南路二段8巷口,15,13,中正區,2023-06-02 09:21:33,濟南路二段6-1號對側,2,1
522,YouBike2.0_仁愛金山路口(東南側),14,0,中正區,2023-06-02 09:21:04,仁愛路二段48-4號前,14,1
523,YouBike2.0_臺灣文學基地,15,1,中正區,2023-06-02 09:02:15,齊東街53巷10號,14,1
524,YouBike2.0_重慶南詔安街口,15,1,中正區,2023-06-02 09:17:14,重慶南路三段/詔安街,14,1
525,YouBike2.0_文光公園,17,0,中正區,2023-06-02 09:19:04,仁愛路二段65巷4號對側,17,1
526,YouBike2.0_捷運中正紀念堂站(2號出口),12,5,中正區,2023-06-02 09:14:14,羅斯福路一段10號前,7,1
527,YouBike2.0_螢圃里小公園,19,4,中正區,2023-06-02 09:11:15,汀州路二段135號對側,15,1
528,YouBike2.0_螢橋公園,15,2,中正區,2023-06-02 09:21:16,和平西路一段110號旁,12,1
529,YouBike2.0_通北街65巷口,16,10,中山區,2023-06-02 09:21:16,通北街/通北街65巷口(東北側),6,1
530,YouBike2.0_圓山風景區,15,8,中山區,2023-06-02 09:02:15,北安路/北安路77巷口(西北側),7,1
531,YouBike2.0_樂群二堤頂大道口,20,5,中山區,2023-06-02 09:17:25,堤頂大道二段382號(旁),15,1
532,YouBike2.0_劍潭社區,13,1,中山區,2023-06-02 08:52:04,通北街146巷2弄2號(對面公園),12,1
533,YouBike2.0_培英公園,30,12,中山區,2023-06-02 09:18:13,崇實路/大直街62巷(東南側),18,1
534,YouBike2.0_樂群二明水路口,20,9,中山區,2023-06-02 09:14:14,樂群二路/明水路口(東北側),11,1
535,YouBike2.0_北安大直街口,15,7,中山區,2023-06-02 09:15:16,北安路676號前人行道,8,1
536,YouBike2.0_捷運劍南路站(2號出口),86,12,中山區,2023-06-02 09:21:33,敬業三路11號(植福路側對面),74,1
537,YouBike2.0_樂群二敬業三路口,20,0,中山區,2023-06-02 09:10:10,敬業三路155號(前),20,1
538,YouBike2.0_樂群二敬業四路口,36,2,中山區,2023-06-02 09:16:04,樂群二路186號,34,1
539,YouBike2.0_捷運大直站(3號出口),34,7,中山區,2023-06-02 09:21:16,北安路536號(旁),26,1
540,YouBike2.0_復興市民路口,45,36,中山區,2023-06-02 09:21:16,復興南路一段36-9號前人行道,9,1
541,YouBike2.0_南京遼寧街口,34,5,中山區,2023-06-02 09:16:14,南京東路三段189號(對面),28,1
542,YouBike2.0_伊通長安路口,21,8,中山區,2023-06-02 09:21:16,伊通街/長安東路二段(西南側路側),11,1
543,YouBike2.0_新生長安路口,20,0,中山區,2023-06-02 08:23:04,新生北路一段/長安東路二段交叉口(北側),19,1
544,YouBike2.0_市民林森路口,29,4,中山區,2023-06-02 09:19:14,市民大道二段/林森北路(東北側),25,1
545,YouBike2.0_南京新生路口,30,1,中山區,2023-06-02 09:22:14,新生北路一段/南京東路一段口(橋墩下方),29,1
546,YouBike2.0_一江公園,22,4,中山區,2023-06-02 09:15:16,一江街/松江路132巷口(西北側),18,1
547,YouBike2.0_松江公園,25,1,中山區,2023-06-02 09:21:16,松江路/松江路84巷(西北側路側),24,1
548,YouBike2.0_新生長春路口,20,0,中山區,2023-06-02 09:19:04,新生北路二段/新生北路二段68巷交叉口(新生橋下),20,1
549,YouBike2.0_第二果菜批發市場,28,12,中山區,2023-06-02 09:16:14,民族東路410巷2弄18號(東側),16,1
550,YouBike2.0_民生建國路口,26,16,中山區,2023-06-02 09:21:16,民生東路三段 / 建國北路二段口,10,1
551,YouBike2.0_興安華城,62,2,中山區,2023-06-02 09:21:16,興安街53-4號對側,60,1
552,YouBike2.0_捷運中山國中站,62,35,中山區,2023-06-02 09:22:14,復興北路386號南側,25,1
553,YouBike2.0_龍江錦州街口,16,1,中山區,2023-06-02 09:13:04,龍江路287號前方,14,1
554,YouBike2.0_建國長春路口,16,4,中山區,2023-06-02 09:21:16,建國北路/長春路口(南側),12,1
555,YouBike2.0_南京建國路口,42,4,中山區,2023-06-02 09:21:16,南京東路二段/建國北路二段(北側),38,1
556,YouBike2.0_捷運松江南京站(7號出口),75,1,中山區,2023-06-02 09:22:14,松江路119號前,74,1
557,YouBike2.0_朱崙商場,31,16,中山區,2023-06-02 09:19:14,龍江路15號前,15,1
558,YouBike2.0_中吉公園,15,1,中山區,2023-06-02 09:17:14,松江路170巷20號對側,14,1
559,YouBike2.0_華山公園,19,1,中山區,2023-06-02 09:12:15,市民大道與長安東路一段52巷口,18,1
560,YouBike2.0_建國北路一段17巷,45,7,中山區,2023-06-02 09:17:25,建國北路一段17巷/八德路二段137巷口,38,1
561,YouBike2.0_江寧公園,15,7,中山區,2023-06-02 09:17:25,合江街186號對側,8,1
562,YouBike2.0_民權龍江路口,32,1,中山區,2023-06-02 09:13:14,民權東路三段與龍江路口東南側,31,1
563,YouBike2.0_捷運中山國小站(2號出口),59,0,中山區,2023-06-02 08:56:04,捷運中山國小站(2號出口)後方,59,1
564,YouBike2.0_捷運行天宮站(3號出口),42,2,中山區,2023-06-02 09:22:14,松江路261號前,40,1
565,YouBike2.0_林森農安街口,17,5,中山區,2023-06-02 09:21:33,林森北路582號(前),12,1
566,YouBike2.0_捷運中山國小站(4號出口),20,1,中山區,2023-06-02 09:21:33,民權東路一段/民權東路一段71巷口,19,1
567,YouBike2.0_農安雙城街口,15,6,中山區,2023-06-02 09:13:14,農安街12-1號前方,9,1
568,YouBike2.0_新生德惠街口,15,1,中山區,2023-06-02 09:21:16,新生北路三段76號對側,14,1
569,YouBike2.0_民族林森路口,20,11,中山區,2023-06-02 09:02:15,民族東路17號前,9,1
570,YouBike2.0_臺北市立美術館,24,13,中山區,2023-06-02 09:21:16,花博公園5號出入口旁,11,1
571,YouBike2.0_中山民族路口,16,8,中山區,2023-06-02 09:21:16,中山北路三段54號前,8,1
572,YouBike2.0_新生高架停車場(林森北路107巷口),14,0,中山區,2023-06-02 09:03:03,新生北路一段與林森北路107巷口(新生高架橋下),13,1
573,YouBike2.0_南京林森路口(東南側),10,3,中山區,2023-06-02 09:22:14,南京東路一段86號前,6,1
574,YouBike2.0_仁德公園,18,0,中山區,2023-04-17 00:35:05,吉林路108巷與南京東路二段21巷口東南側,18,0
575,YouBike2.0_中原公園,15,3,中山區,2023-06-02 09:17:25,新生北路二段45巷(中原公園西側),12,1
576,YouBike2.0_下埤公園,24,2,中山區,2023-06-02 09:19:14,民族東路512巷13弄4號,22,1
577,YouBike2.0_五常國中,16,2,中山區,2023-06-02 09:19:14,復興北路488巷2弄5號對側,14,1
578,YouBike2.0_榮星花園,38,13,中山區,2023-06-02 09:21:16,五常街77號對側,25,1
579,YouBike2.0_民權建國路口,34,1,中山區,2023-06-02 09:16:14,民權東路三段/建國北路三段口(東北側),33,1
580,YouBike2.0_松江路431巷口,15,13,中山區,2023-06-02 09:21:16,松江路433號前,2,1
581,YouBike2.0_新喜公園,13,0,中山區,2023-06-02 09:21:04,德惠街170巷22號對側,13,1
582,YouBike2.0_吉林路407巷口,15,0,中山區,2023-06-02 09:04:12,吉林路401號前,15,1
583,YouBike2.0_民族松江路口,17,10,中山區,2023-06-02 09:19:14,民族東路與松江路口西北側,7,1
584,YouBike2.0_林安泰古厝,22,9,中山區,2023-06-02 09:22:14,濱江街5號對側,13,1
585,YouBike2.0_中山公民會館,20,20,中山區,2023-06-02 08:59:04,中山北路二段128巷口,0,1
586,YouBike2.0_渭水八德路口,23,1,中山區,2023-06-02 09:07:04,渭水路54號對側,22,1
587,YouBike2.0_捷運中山站(2號出口),33,3,中山區,2023-06-02 09:22:14,南京西路4號前,30,1
588,YouBike2.0_撫順公園,20,18,中山區,2023-06-02 09:22:14,中山北路三段2號對側,2,1
589,YouBike2.0_新生公園,16,4,中山區,2023-06-02 09:16:14,民族東路/吉林路口(西北側),12,1
590,YouBike2.0_捷運行天宮站(1號出口),46,1,中山區,2023-06-02 09:19:14,松江路230號前,45,1
591,YouBike2.0_林森長春路口,28,6,中山區,2023-06-02 09:17:25,長春路29號前,22,1
592,YouBike2.0_建國農安街口,35,9,中山區,2023-06-02 09:22:14,建國北路/農安街口(建國橋下),26,1
593,YouBike2.0_松江路77巷口,10,0,中山區,2023-06-02 09:17:14,松江路77巷口,10,1
594,YouBike2.0_建國長安路口,20,9,中山區,2023-06-02 09:21:33,建國北路一段與長安東路二段口北側,10,1
595,YouBike2.0_市民新生路口,15,2,中山區,2023-06-02 09:07:04,新生北路一段36號前,13,1
596,YouBike2.0_民權吉林路口,15,0,中山區,2023-06-02 08:52:04,民權東路二段51號前,15,1
597,YouBike2.0_中山農安街口,17,5,中山區,2023-06-02 09:22:04,中山北路三段25號前,12,1
598,YouBike2.0_捷運行政大樓,14,4,中山區,2023-06-02 09:17:25,中山北路二段48巷7號前,10,1
599,YouBike2.0_中吉公園(松江路188巷),22,0,中山區,2023-06-02 09:16:04,松江路188巷11號對側,22,1
600,YouBike2.0_吉林路123巷口,13,0,中山區,2023-06-02 08:47:04,吉林路125號前,13,1
601,YouBike2.0_中原民生路口,15,0,中山區,2023-06-02 08:23:04,民生東路二段33號旁,15,1
602,YouBike2.0_國立臺北大學(臺北校區),38,37,中山區,2023-06-02 09:16:04,民生東路三段67號前,1,1
603,YouBike2.0_錦州吉林路口,20,0,中山區,2023-06-02 09:21:16,錦州街174號前,20,1
604,YouBike2.0_中山北路二段59巷口,12,11,中山區,2023-06-02 09:21:33,中山北路二段59之3號前,1,1
605,YouBike2.0_永盛公園(民生東路一段23巷),24,2,中山區,2023-06-02 09:17:25,民生東路一段23巷/民生東路一段27巷口,22,1
606,YouBike2.0_新生錦州街口,20,0,中山區,2023-06-02 08:17:14,新生北路二段100號前,20,1
607,YouBike2.0_濱江街199巷口,15,4,中山區,2023-06-02 09:11:15,濱江街199巷(八號疏散門前),11,1
608,YouBike2.0_大佳社區公園,15,3,中山區,2023-06-02 09:14:14,濱江街154巷對側,12,1
609,YouBike2.0_濱江果菜市場,22,7,中山區,2023-06-02 09:16:14,民族東路336號前,15,1
610,YouBike2.0_興安合江路口,19,2,中山區,2023-06-02 09:21:16,興安街60號對側,17,1
611,YouBike2.0_復興北路514巷口東側,10,0,中山區,2023-06-02 09:21:04,復興北路514巷66號前側,10,1
612,YouBike2.0_台泥大樓,18,17,中山區,2023-06-02 09:21:17,中山北路二段113-133號前,1,1
613,YouBike2.0_植福樂群路口,10,7,中山區,2023-06-02 08:43:15,植福路/樂群三路(西北側),3,1
614,YouBike2.0_新興公園,20,2,中山區,2023-06-02 09:21:17,錦州街13巷/中山北路二段137巷口(東南側),18,1
615,YouBike2.0_南京伊通街口,11,6,中山區,2023-06-02 09:17:25,南京東路二段178-1號,5,1
616,YouBike2.0_南京龍江路口,15,14,中山區,2023-06-02 09:22:14,南京東路三段121號前,1,1
617,YouBike2.0_撫順街41巷(崇德宮前),19,10,中山區,2023-06-02 09:10:21,撫順街41巷1-7號對側,9,1
618,YouBike2.0_臺北市立圖書館大直分館,20,1,中山區,2023-06-02 09:19:14,大直街28號對側,19,1
619,YouBike2.0_捷運大直站(1號出口),27,3,中山區,2023-06-02 09:16:14,北安路535之2號旁,22,1
620,YouBike2.0_捷運松江南京站(4號出口),32,0,中山區,2023-06-02 09:21:04,松江路95-1至109號前方,32,1
621,YouBike2.0_中429公園,15,0,中山區,2023-06-02 09:19:04,敬業三路177巷南側,15,1
622,YouBike2.0_長春路137巷口,16,1,中山區,2023-06-02 09:17:14,民生東路二段134號前,15,1
623,YouBike2.0_松江民生路口,17,0,中山區,2023-06-02 09:17:14,松江路208號前,17,1
624,YouBike2.0_松江路132巷口,14,1,中山區,2023-06-02 09:21:04,吉林路100號對側,13,1
625,YouBike2.0_長春吉林路口,10,0,中山區,2023-06-02 08:48:04,長春路120號前,10,1
626,YouBike2.0_長春一江街口,11,4,中山區,2023-06-02 09:17:25,長春路135號前,7,1
627,YouBike2.0_捷運松江南京站(8號出口),20,0,中山區,2023-06-02 09:21:04,南京東路二段101號前,20,1
628,YouBike2.0_南京一江街口,10,7,中山區,2023-06-02 09:21:17,南京東路二段85號前,3,1
629,YouBike2.0_松江長春路口,16,7,中山區,2023-06-02 09:16:14,松江路158號前,9,1
630,YouBike2.0_經國七海文化園區,15,7,中山區,2023-06-02 09:21:17,北安路301號前,8,1
631,YouBike2.0_民族玉門街口,20,11,中山區,2023-06-02 09:18:13,民族西路口與玉門街口東北側,9,1
632,YouBike2.0_新生農安街口,15,0,中山區,2023-06-02 09:21:17,新生北路三段與農安街口(高架橋下),15,1
633,YouBike2.0_稻江高級護理家事職業學校,14,1,中山區,2023-06-02 09:21:33,農安街77巷與農安街77巷1弄口,12,1
634,YouBike2.0_捷運大直站(3號出口)_1,18,9,中山區,2023-06-02 09:19:14,北安路458巷41弄52之1號前,9,1
635,YouBike2.0_樂群二明水路口_1,20,4,中山區,2023-06-02 09:21:17,樂群二路 / 明水路口(東側),16,1
636,YouBike2.0_民權吉林路口(南側),16,1,中山區,2023-06-02 09:11:04,民權東路二段46號前,15,1
637,YouBike2.0_長春龍江路口,24,2,中山區,2023-06-02 09:18:13,長春路與龍江路口西北側,22,1
638,YouBike2.0_民權新生路口,26,1,中山區,2023-06-02 09:09:14,民權東路一段/新生北路三段(北側)(新生高架橋下),24,1
639,YouBike2.0_建國長春路口(北側),20,7,中山區,2023-06-02 09:21:17,建國北路/長春路口(北側),12,1
640,YouBike2.0_中山行政中心,24,4,中山區,2023-06-02 09:21:17,松江路/農安街口,20,1
641,YouBike2.0_臺北市立美術館_1,18,18,中山區,2023-06-02 09:04:04,中山北路三段(花博流行館前),0,1
642,YouBike2.0_劍潭社區_1,18,2,中山區,2023-06-02 08:36:15,通北街143號前,16,1
643,YouBike2.0_濱江國小游泳池,16,7,中山區,2023-06-02 09:19:14,樂群二路266巷99號前,9,1
644,YouBike2.0_林森公園,25,5,中山區,2023-06-02 09:22:14,林森北路/南京東路一段,20,1
645,YouBike2.0_中428公園,15,6,中山區,2023-06-02 09:21:17,樂群二路30巷/樂群二路116巷61弄,9,1
646,YouBike2.0_復華公園,20,0,中山區,2023-06-02 09:21:04,南京東路三段109巷/龍江路120巷,20,1
647,YouBike2.0_新生民族路口(西南側),15,0,中山區,2023-06-02 09:10:10,新生北路三段/民族東路(西南側),15,1
648,YouBike2.0_捷運南京復興站(1號出口),21,18,中山區,2023-06-02 09:18:13,捷運南京復興站(1號出口)後方(遼寧街155巷),3,1
649,YouBike2.0_八德市場(北側),16,1,中山區,2023-06-02 09:08:16,建國南路一段/市民大道交叉口(北側),15,1
650,YouBike2.0_龍江朱崙街口,14,9,中山區,2023-06-02 09:21:17,龍江路/朱崙街口西北側,5,1
651,YouBike2.0_大直街94巷,15,5,中山區,2023-06-02 09:02:15,大直街94巷口,10,1
652,YouBike2.0_捷運南京復興站(8號出口),25,5,中山區,2023-06-02 09:21:17,南京東路三段221號前,19,1
653,YouBike2.0_民權建國路口(南側),15,7,中山區,2023-06-02 09:21:17,民權東路三段/建國北路二段(南側高架橋下),7,1
654,YouBike2.0_林森德惠街口,16,4,中山區,2023-06-02 09:18:13,德惠街11號東側,11,1
655,YouBike2.0_新生濱江街口(東南側),21,6,中山區,2023-06-02 08:50:22,新生北路三段/濱江街口(東南側),15,1
656,YouBike2.0_新生北路一段62巷口,20,0,中山區,2023-06-02 08:57:04,新生北路一段64號對側,20,1
657,YouBike2.0_新生長春路口(東北側),19,5,中山區,2023-06-02 09:16:14,新生北路二段39-2號對側,14,1
658,YouBike2.0_捷運劍南路站(1號出口),17,8,中山區,2023-06-02 09:21:17,北安路811巷/821巷4弄口,9,1
659,YouBike2.0_敬業三樂群三路口(西北側),16,8,中山區,2023-06-02 09:17:25,敬業三路/樂群三路口,8,1
660,YouBike2.0_長春路258巷2弄口,15,0,中山區,2023-06-02 09:19:04,長春路258巷6號北側,15,1
661,YouBike2.0_長寧大廈社區(南側),15,5,中山區,2023-06-02 08:52:15,遼寧街201巷13號前,10,1
662,YouBike2.0_建國五常街口,20,1,中山區,2023-06-02 09:21:17,建國北路三段/五常街,19,1
663,YouBike2.0_中山北路二段62巷口,12,11,中山區,2023-06-02 09:15:16,中山北路二段66號前,1,1
664,YouBike2.0_市民安東街口,20,0,中山區,2023-06-02 09:21:17,市民大道三段179號前,20,1
665,YouBike2.0_市民大道二段5巷口,15,3,中山區,2023-06-02 09:22:14,市民大道二段/市民大道二段5巷,12,1
666,YouBike2.0_文湖街21巷118弄口,19,1,內湖區,2023-06-02 09:16:04,文湖街21巷118弄6-10號(前),18,1
667,YouBike2.0_北勢湖環保公園,15,11,內湖區,2023-06-02 08:58:14,內湖路一段66-72號前方公園,4,1
668,YouBike2.0_洲子一號公園,43,43,內湖區,2023-06-02 09:17:14,基湖路37號西側,0,1
669,YouBike2.0_西康公園,16,1,內湖區,2023-06-02 09:09:04,內湖路一段225巷口,15,1
670,YouBike2.0_文湖國小,31,2,內湖區,2023-06-02 09:22:14,文湖街21巷口北側,29,1
671,YouBike2.0_文湖街81巷10號西側,14,1,內湖區,2023-06-02 09:13:04,文湖街81巷10號西側,13,1
672,YouBike2.0_德明財經科技大學,27,8,內湖區,2023-06-02 09:16:14,環山路一段56號南側,19,1
673,YouBike2.0_麗山國小,15,1,內湖區,2023-06-02 09:06:03,內湖路一段411巷56號東側,14,1
674,YouBike2.0_麗山高中,25,4,內湖區,2023-06-02 09:17:25,環山路二段141號北側,21,1
675,YouBike2.0_港華五號公園,16,0,內湖區,2023-06-02 08:06:04,環山路二段81號西北側,16,1
676,YouBike2.0_大湖國小,25,0,內湖區,2023-06-02 09:04:12,大湖山莊街/大湖山莊街176巷(東南側),25,1
677,YouBike2.0_安湖三號公園,12,1,內湖區,2023-06-02 09:22:14,東湖路113巷49弄3號北側,11,1
678,YouBike2.0_東湖路113巷95弄,10,0,內湖區,2023-06-02 07:03:04,東湖路113巷95弄13號西側,10,1
679,YouBike2.0_瑞光計程車服務站,20,17,內湖區,2023-06-02 09:21:17,港墘路221巷2號,3,1
680,YouBike2.0_文德三號公園(江南街71巷16弄),15,8,內湖區,2023-06-02 09:21:17,瑞光路271號東南側,7,1
681,YouBike2.0_捷運大湖公園站(2號出口),28,4,內湖區,2023-06-02 09:17:25,成功路五段5號東側,24,1
682,YouBike2.0_康寧星雲街口,12,2,內湖區,2023-06-02 09:01:16,康寧路一段116號,10,1
683,YouBike2.0_星雲街47號,15,11,內湖區,2023-06-02 09:17:25,星雲街47號南側,4,1
684,YouBike2.0_捷運西湖站(1號出口),35,0,內湖區,2023-06-02 09:21:04,內湖路一段285巷15號(對面),35,1
685,YouBike2.0_捷運西湖站(2號出口),12,0,內湖區,2023-06-02 09:19:04,內湖路一段291號(對面),12,1
686,YouBike2.0_洲子二號公園,60,49,內湖區,2023-06-02 09:22:14,瑞光路500號(對面),11,1
687,YouBike2.0_港都公園,15,1,內湖區,2023-06-02 09:22:14,港華街57號(對面),14,1
688,YouBike2.0_環山路二段26巷口,29,2,內湖區,2023-06-02 08:42:15,環山路二段/環山路二段26巷(西南側),27,1
689,YouBike2.0_成功金龍路口,23,21,內湖區,2023-06-02 09:21:17,成功路四段188號,2,1
690,YouBike2.0_碧山公園,31,19,內湖區,2023-06-02 09:22:14,內湖路三段60巷28號東側,11,1
691,YouBike2.0_金瑞公園,20,3,內湖區,2023-06-02 09:12:15,金龍路203-8號北側,17,1
692,YouBike2.0_捷運文德站(2號出口),49,1,內湖區,2023-06-02 09:21:04,文德路212號旁,48,1
693,YouBike2.0_陽光公園,16,1,內湖區,2023-06-02 09:13:14,陽光街與文德路220巷口西側,15,1
694,YouBike2.0_文德二號公園(南側),13,1,內湖區,2023-06-02 08:40:26,陽光街與陽光街68巷102弄口,12,1
695,YouBike2.0_文德二號公園(北側),15,0,內湖區,2023-06-02 08:42:04,文德路210巷12號對側,15,1
696,YouBike2.0_瑞陽公園,12,0,內湖區,2023-06-02 09:21:17,文德路22巷6號(對面),12,1
697,YouBike2.0_湖光國宅,22,0,內湖區,2023-06-02 08:17:14,文德路22巷與文德路22巷74弄口,22,1
698,YouBike2.0_潭美街213號,12,7,內湖區,2023-06-02 09:14:14,潭美街213號南側,5,1
699,YouBike2.0_南京東路六段180號,21,2,內湖區,2023-06-02 09:12:15,南京東路六段180號北側,19,1
700,YouBike2.0_潭美國小(南京舊宗路口),16,0,內湖區,2023-06-02 07:41:04,行善路179號南側,16,1
701,YouBike2.0_新明路343號,10,8,內湖區,2023-06-02 08:19:15,新明路341號北側,2,1
702,YouBike2.0_週美里活動廣場,17,1,內湖區,2023-06-02 08:36:16,潭美街139號對側,16,1
703,YouBike2.0_內湖行政中心,25,4,內湖區,2023-06-02 09:09:14,民權東路六段99號(前),21,1
704,YouBike2.0_樂康公園,20,2,內湖區,2023-06-02 09:21:17,康樂街61巷73弄22-1號南側,18,1
705,YouBike2.0_安康路32巷24弄,21,18,內湖區,2023-06-02 09:21:17,安康路32巷24弄22號,3,1
706,YouBike2.0_明美公園,18,14,內湖區,2023-06-02 09:21:33,石潭路27號南側,4,1
707,YouBike2.0_南京東路六段368巷,33,16,內湖區,2023-06-02 09:14:14,南京東路六段382號西南側,17,1
708,YouBike2.0_新明成功路口,18,0,內湖區,2023-06-02 09:21:04,新明路22號,17,1
709,YouBike2.0_民權瑞光路口,20,2,內湖區,2023-06-02 09:14:14,民權東路六段50號,18,1
710,YouBike2.0_瑞光公共住宅(瑞光路),18,12,內湖區,2023-06-02 09:21:17,瑞光路160號,6,1
711,YouBike2.0_民權東路六段15巷,17,11,內湖區,2023-06-02 09:11:15,民權東路六段15巷29號,6,1
712,YouBike2.0_扶輪親恩公園,17,0,內湖區,2023-06-02 08:59:04,民權東路六段30號,17,1
713,YouBike2.0_新湖三民善街口,15,0,內湖區,2023-06-02 09:03:04,新湖三路36號,15,1
714,YouBike2.0_內湖119號綠地,24,6,內湖區,2023-06-02 09:05:17,南京東路六段125號南側,18,1
715,YouBike2.0_行善公園,20,11,內湖區,2023-06-02 09:21:33,潭美街27號西側,9,1
716,YouBike2.0_三軍總醫院,14,14,內湖區,2023-06-02 09:13:04,成功路二段424號(對面),0,1
717,YouBike2.0_福華商場,20,4,內湖區,2023-06-02 09:18:13,民權東路六段/民權東路六段180巷(西南側),16,1
718,YouBike2.0_臺北市網球中心,16,0,內湖區,2023-06-02 09:06:03,民權東路六段208號(前),15,1
719,YouBike2.0_捷運葫洲站(1號出口),25,15,內湖區,2023-06-02 09:22:14,康寧路三段39號(對面),9,1
720,YouBike2.0_麗湖國小,18,3,內湖區,2023-06-02 08:22:14,金湖路363巷11號(對面),15,1
721,YouBike2.0_金湖路347巷125弄口,15,1,內湖區,2023-06-02 09:12:15,金湖路347巷125弄1號(對面),14,1
722,YouBike2.0_碧湖公園,15,7,內湖區,2023-06-02 09:13:14,內湖路二段/內湖路二段103巷口(東北側),8,1
723,YouBike2.0_碧湖公園(內湖路二段103巷),19,0,內湖區,2023-06-02 09:19:04,內湖路二段103巷76號(對面),18,1
724,YouBike2.0_貿七社區,17,0,內湖區,2023-06-02 08:54:04,內湖路二段179巷48弄17號(旁),17,1
725,YouBike2.0_內湖區農會,12,3,內湖區,2023-06-02 09:22:14,內湖路二段334號(前),9,1
726,YouBike2.0_捷運內湖站(2號出口),10,6,內湖區,2023-06-02 09:21:17,成功路四段167巷6弄2號(旁),4,1
727,YouBike2.0_康寧金湖路口,14,0,內湖區,2023-06-02 08:36:04,康寧路一段273號(對面),14,1
728,YouBike2.0_康寧路一段156巷20弄口,17,6,內湖區,2023-06-02 08:57:16,康寧路一段156巷/康寧路一段156巷20弄(西側),11,1
729,YouBike2.0_安康公園,19,11,內湖區,2023-06-02 09:13:14,五分街14巷31號(對面),8,1
730,YouBike2.0_安泰街83巷,20,0,內湖區,2023-06-02 09:16:04,安泰街83巷3號(對面),20,1
731,YouBike2.0_內溝溪生態展示館,8,3,內湖區,2023-06-02 09:21:17,康樂街236-3號(前),5,1
732,YouBike2.0_捷運港墘站(2號出口),47,0,內湖區,2023-06-02 09:11:04,內湖路一段520號,47,1
733,YouBike2.0_東湖國中,16,4,內湖區,2023-06-02 09:15:16,康樂街125巷4號(對面),12,1
734,YouBike2.0_石潭公園(安康路),20,0,內湖區,2023-06-02 08:35:04,安康路28號西北側,19,1
735,YouBike2.0_內湖垃圾焚化廠,20,12,內湖區,2023-06-02 09:19:14,安康路290號西側,8,1
736,YouBike2.0_康寧公園(北側),20,1,內湖區,2023-06-02 08:34:15,康寧路三段60號南側,19,1
737,YouBike2.0_康寧路三段54巷口,15,1,內湖區,2023-06-02 09:21:17,康寧路三段54-5號西側,14,1
738,YouBike2.0_行善路25巷口,21,13,內湖區,2023-06-02 09:21:17,行善路39號(前),8,1
739,YouBike2.0_新明路460巷口,15,12,內湖區,2023-06-02 08:57:16,南京東路六段122號(斜前方),3,1
740,YouBike2.0_下灣公園,16,10,內湖區,2023-06-02 09:14:14,民權東路六段206巷/民權東路六段190巷75弄(西北側),6,1
741,YouBike2.0_民權東路六段245巷口,12,8,內湖區,2023-06-02 08:53:15,民權東路六段247號(前),4,1
742,YouBike2.0_東湖國小,22,2,內湖區,2023-06-02 09:15:16,東湖路與東湖路113巷口東側,20,1
743,YouBike2.0_捷運內湖站(1號出口),28,13,內湖區,2023-06-02 09:21:17,成功路四段182巷/成功路四段口(西側),15,1
744,YouBike2.0_瑞光港墘路口,15,5,內湖區,2023-06-02 09:22:14,港墘路185號前,10,1
745,YouBike2.0_瑞湖陽光街口,25,8,內湖區,2023-06-02 09:22:14,瑞湖街101號對側,9,1
746,YouBike2.0_金龍公園,15,4,內湖區,2023-06-02 09:21:17,金龍路112巷口(金龍公園側),11,1
747,YouBike2.0_星雲街138巷1弄口,15,11,內湖區,2023-06-02 09:14:14,星雲街138巷18號,4,1
748,YouBike2.0_東湖一號公園,10,0,內湖區,2023-06-02 08:12:04,康寧路三段189巷163弄13號東南側,10,1
749,YouBike2.0_東湖二號公園,15,2,內湖區,2023-06-02 09:04:16,康寧路三段99巷39弄70號東南側,13,1
750,YouBike2.0_康湖二號公園(康寧醫院),16,7,內湖區,2023-06-02 08:56:16,成功路五段420巷17號東側,9,1
751,YouBike2.0_堤頂大道新湖一路口,13,4,內湖區,2023-06-02 09:22:14,堤頂大道一段215號前,9,1
752,YouBike2.0_下灣公園(成功路),16,7,內湖區,2023-06-02 09:06:14,成功路二段189號北側,9,1
753,YouBike2.0_舊宗行善路口,9,5,內湖區,2023-06-02 08:57:16,行善路179號西側,4,1
754,YouBike2.0_新湖二路250巷口,20,12,內湖區,2023-06-02 09:21:17,新湖二路/新湖二路250巷(西南側),8,1
755,YouBike2.0_成功路四段41巷口,12,1,內湖區,2023-06-02 07:45:15,成功路四段41巷6號前側,11,1
756,YouBike2.0_金湖星雲街口,30,0,內湖區,2023-06-02 07:57:04,金湖路83號對側,30,1
757,YouBike2.0_國防醫學院,15,4,內湖區,2023-06-02 09:11:15,民權東路六段161號前側,11,1
758,YouBike2.0_民權東路六段190巷117弄口,15,2,內湖區,2023-06-02 09:10:21,民權東路六段190巷117弄15號對側,13,1
759,YouBike2.0_內湖運動中心,21,1,內湖區,2023-06-02 09:22:14,洲子街12號前,20,1
760,YouBike2.0_九華公園,16,0,內湖區,2023-06-02 09:01:04,文湖街21巷68弄25-6號北側,15,1
761,YouBike2.0_內湖路二段179巷口,16,6,內湖區,2023-06-02 08:46:15,內湖路二段179巷242號對側,10,1
762,YouBike2.0_行善行愛路口,12,0,內湖區,2023-06-02 09:21:17,行善路243號(前),12,1
763,YouBike2.0_民善新湖二路口(家樂福內湖店),23,2,內湖區,2023-06-02 09:21:33,民善街88號(旁),18,1
764,YouBike2.0_統振大樓,25,10,內湖區,2023-06-02 09:04:16,安美街181號前,15,1
765,YouBike2.0_陽光街161巷口,16,2,內湖區,2023-06-02 09:01:16,陽光街161巷14號對側,14,1
766,YouBike2.0_潭美公園(南京東路六段368巷),18,1,內湖區,2023-06-02 09:17:25,南京東路六段366號對側,16,1
767,YouBike2.0_西康二號公園,21,2,內湖區,2023-06-02 09:18:13,文湖街60巷/環山路一段24巷(北側),19,1
768,YouBike2.0_三民國中(民權東路六段47巷),13,1,內湖區,2023-06-02 09:18:13,民權東路六段47巷6號對側,12,1
769,YouBike2.0_瑞光路76巷口,12,8,內湖區,2023-06-02 09:13:14,瑞光路102號前,4,1
770,YouBike2.0_捷運東湖站,28,18,內湖區,2023-06-02 09:22:14,安康路315巷/五分街14巷(西側),10,1
771,YouBike2.0_新湖國小,12,0,內湖區,2023-06-02 09:04:12,民權東路六段/成功路二段320巷31弄(東南側),11,1
772,YouBike2.0_碧山內湖路口,16,1,內湖區,2023-06-02 08:58:04,內湖路三段72巷15號西側,14,1
773,YouBike2.0_民權東路六段413巷,16,1,內湖區,2023-06-02 07:21:04,民權東路六段409號前,15,1
774,YouBike2.0_宏匯瑞光廣場(瑞光路),16,6,內湖區,2023-06-02 09:18:13,瑞光路353號前(瑞光路側人行道),10,1
775,YouBike2.0_宏匯瑞光廣場(港墘路),20,0,內湖區,2023-06-02 09:21:04,瑞光路355號前(港墘路側人行道),20,1
776,YouBike2.0_康樂街151巷,14,11,內湖區,2023-06-02 09:02:15,康樂街151巷/康樂街,3,1
777,YouBike2.0_內湖路一段360巷,15,14,內湖區,2023-06-02 09:21:17,內湖路一段358號,0,1
778,YouBike2.0_成功路三段83號前,11,0,內湖區,2023-06-02 08:59:04,成功路三段83號前,11,1
779,YouBike2.0_內湖路一段47巷,16,0,內湖區,2023-06-02 08:15:05,內湖路一段47巷/內湖路一段47巷22弄,15,1
780,YouBike2.0_陽光舊宗路口,20,19,內湖區,2023-06-02 09:17:14,陽光街/舊宗路二段,1,1
781,YouBike2.0_安湖公園,8,3,內湖區,2023-06-02 08:28:14,東湖路113巷95弄/康寧路三段75巷,5,1
782,YouBike2.0_湖興公園,16,0,內湖區,2023-06-02 08:45:04,成功路二段250巷23弄/成功路二段312巷,16,1
783,YouBike2.0_安泰街(康樂橋下),15,8,內湖區,2023-06-02 08:33:15,安泰街(康樂橋下),7,1
784,YouBike2.0_康樂綠地,15,10,內湖區,2023-06-02 08:29:14,康樂街191巷/康樂街,5,1
785,YouBike2.0_捷運港墘站(1號出口),23,6,內湖區,2023-06-02 09:22:14,內湖路一段663號前,17,1
786,YouBike2.0_明美公園(行善路333巷),16,2,內湖區,2023-06-02 09:05:17,行善路333巷92號前,14,1
787,YouBike2.0_行善路383巷,17,7,內湖區,2023-06-02 09:19:14,行善路383巷27號對側,10,1
788,YouBike2.0_舊宗新湖三路口,18,6,內湖區,2023-06-02 08:57:16,舊宗路一段/新湖三路(南側),12,1
789,YouBike2.0_內湖運動公園,17,8,內湖區,2023-06-02 09:21:17,舊宗路二段/民權東路六段11巷,9,1
790,YouBike2.0_內湖路三段326巷口,15,8,內湖區,2023-06-02 08:51:15,內湖路三段326巷/內湖路三段,7,1
791,YouBike2.0_成功公園,11,3,內湖區,2023-06-02 09:02:15,成功路四段223巷/成功路四段223巷6弄,8,1
792,YouBike2.0_康寧路三段189巷93弄口,14,7,內湖區,2023-06-02 09:18:13,康寧路三段189巷/康寧路三段189巷93弄,7,1
793,YouBike2.0_中國醫藥大學附設醫院臺北分院,13,1,內湖區,2023-06-02 09:16:14,內湖路二段368號對側,11,1
794,YouBike2.0_康樂抽水站,15,2,內湖區,2023-06-02 09:15:16,東湖路160巷23號,13,1
795,YouBike2.0_環山路三段16巷口,13,0,內湖區,2023-06-02 09:12:04,環山路三段/環山路三段16巷口(東南側),13,1
796,YouBike2.0_文德一號綠地,15,5,內湖區,2023-06-02 09:04:16,內湖區文德路91號旁,10,1
797,YouBike2.0_臺北花市,20,1,內湖區,2023-06-02 09:04:12,新湖三路28號前人行道,19,1
798,YouBike2.0_行善社會住宅,23,2,內湖區,2023-06-02 09:15:16,行愛路與新湖一路口西南側,21,1
799,YouBike2.0_康寧路三段99巷17弄口,15,2,內湖區,2023-06-02 09:21:17,康寧路三段99巷19號對側,13,1
800,YouBike2.0_堤頂大道二段407巷口,15,4,內湖區,2023-06-02 08:49:14,堤頂大道二段405號前,11,1
801,YouBike2.0_海德堡科技大樓,12,6,內湖區,2023-06-02 09:13:14,堤頂大道二段473號前,6,1
802,YouBike2.0_致伸科技大樓,17,15,內湖區,2023-06-02 09:18:13,瑞光路669號旁,2,1
803,YouBike2.0_內湖路一段288巷口,20,3,內湖區,2023-06-02 09:21:17,內湖路一段290號前,17,1
804,YouBike2.0_大都會客運內湖站,15,3,內湖區,2023-06-02 09:11:15,民權東路六段11巷25號對側,12,1
805,YouBike2.0_瑞湖公園,15,3,內湖區,2023-06-02 09:14:14,民權東路六段15巷/民權東路六段19巷,12,1
806,YouBike2.0_台灣世曦大樓,16,16,內湖區,2023-06-02 09:01:04,陽光街323號,0,1
807,YouBike2.0_遠雄時代總部,14,14,內湖區,2023-06-02 08:51:04,瑞光路423號,0,1
808,YouBike2.0_瑞光路358巷口,14,14,內湖區,2023-06-02 08:58:04,瑞光路/瑞光路358巷,0,1
809,YouBike2.0_大港墘公園(洲子街),18,1,內湖區,2023-06-02 09:21:33,洲子街/瑞光路393巷,17,1
810,YouBike2.0_世紀經貿,16,1,內湖區,2023-06-02 08:47:15,內湖路一段396號,15,1
811,YouBike2.0_民權東路六段56巷口,15,3,內湖區,2023-06-02 09:15:16,民權東路六段56巷7號對側,12,1
812,YouBike2.0_新湖三行忠路72巷口,15,3,內湖區,2023-06-02 09:05:17,新湖三路/行忠路72巷,12,1
813,YouBike2.0_新湖三新湖二146巷口,15,9,內湖區,2023-06-02 09:21:17,新湖三路122、124號對側,6,1
814,YouBike2.0_舊宗新湖二路口,17,5,內湖區,2023-06-02 09:03:14,舊宗路一段/新湖二路(南側),11,1
815,YouBike2.0_新光基湖大樓,19,6,內湖區,2023-06-02 09:15:16,基湖路12號,13,1
816,YouBike2.0_內湖路一段120巷15弄,19,7,內湖區,2023-06-02 09:22:14,內湖路一段120巷15弄8號對側,12,1
817,YouBike2.0_北勢湖環保公園(堤頂大道側),14,3,內湖區,2023-06-02 08:59:14,堤頂大道二段501號前,11,1
818,YouBike2.0_達爾文大樓,15,3,內湖區,2023-06-02 09:19:14,洲子街61號,12,1
819,YouBike2.0_承德路七段304巷口,20,1,北投區,2023-06-02 09:01:04,承德路七段306-308號(前),19,1
820,YouBike2.0_洲美運動公園,20,3,北投區,2023-06-02 08:58:14,洲美街271號(對面),17,1
821,YouBike2.0_榮華二明德路口,30,0,北投區,2023-06-02 08:54:04,明德路212號(榮華二路側人行道),30,1
822,YouBike2.0_捷運明德站(1號出口),23,6,北投區,2023-06-02 09:11:15,西安街一段明德路口(東南側),17,1
823,YouBike2.0_文林建民路口,20,8,北投區,2023-06-02 09:01:16,文林北路214-216號(前),12,1
824,YouBike2.0_永欣綠地,25,4,北投區,2023-06-02 08:54:15,行義路10巷2號(旁),21,1
825,YouBike2.0_關渡宮,40,21,北投區,2023-06-02 09:09:14,知行路360號(旁),19,1
826,YouBike2.0_關渡自然公園,22,3,北投區,2023-06-02 09:21:17,關渡路68號(對面),19,1
827,YouBike2.0_關渡醫院,14,5,北投區,2023-06-02 09:21:17,知行路235巷7號(對面),9,1
828,YouBike2.0_捷運忠義站(1號出口),17,3,北投區,2023-06-02 08:57:16,中央北路四段262號(對面),14,1
829,YouBike2.0_捷運關渡站(1號出口),54,8,北投區,2023-06-02 09:19:14,大度路三段270巷/立功街55巷(西南側),46,1
830,YouBike2.0_捷運關渡站(2號出口),14,7,北投區,2023-06-02 08:44:15,捷運關渡站2號出口外人行道,7,1
831,YouBike2.0_中央北路四段540巷口,19,0,北投區,2023-06-02 08:24:04,中央北路四段529號(對面),19,1
832,YouBike2.0_大度立德路口,18,18,北投區,2023-06-02 09:21:04,大度路三段立德路口(西北側),0,1
833,YouBike2.0_捷運復興崗站(1號出口),45,21,北投區,2023-06-02 09:21:17,中央北路三段9-1號(對面),24,1
834,YouBike2.0_捷運復興崗站旅客服務中心,15,1,北投區,2023-06-02 09:01:16,中央北路三段185號(前方),14,1
835,YouBike2.0_豐年公園,20,13,北投區,2023-06-02 09:17:25,大業路529號(對面),7,1
836,YouBike2.0_稻香重三路口,15,6,北投區,2023-06-02 09:21:17,稻香重三路口(對面路側),9,1
837,YouBike2.0_國防大學政治作戰學院,30,7,北投區,2023-06-02 09:18:13,中央北路二段167號(對面),23,1
838,YouBike2.0_秀山區民活動中心,20,6,北投區,2023-06-02 09:15:16,秀山路50號(旁),14,1
839,YouBike2.0_大業大同街口,42,0,北投區,2023-06-02 09:09:04,大業路671號(對面),41,1
840,YouBike2.0_捷運新北投站,42,33,北投區,2023-06-02 09:17:25,中和街10號(對面),9,1
841,YouBike2.0_捷運北投站,30,11,北投區,2023-06-02 09:19:14,光明路2巷3號(對面),19,1
842,YouBike2.0_捷運奇岩站(三合街),40,27,北投區,2023-06-02 09:21:17,三合街二段486號(旁),13,1
843,YouBike2.0_八仙里辦公處,16,11,北投區,2023-06-02 09:21:17,北投路一段臨20號(旁),3,1
844,YouBike2.0_清江國小,58,21,北投區,2023-06-02 09:21:33,公舘路198號(對面),37,1
845,YouBike2.0_大業路300巷口,20,12,北投區,2023-06-02 09:11:15,大業路302號(前),8,1
846,YouBike2.0_立農公園,21,8,北投區,2023-06-02 09:11:15,承德路七段/吉利街(西北側),13,1
847,YouBike2.0_北投奇岩長青樂活大樓,15,4,北投區,2023-06-02 09:11:15,三合街一段119號(前),10,1
848,YouBike2.0_捷運唭哩岸站(2號出口),54,29,北投區,2023-06-02 09:21:17,西安街二段345-349號(對面),24,1
849,YouBike2.0_北投運動中心,60,12,北投區,2023-06-02 09:21:17,石牌路一段39巷100號(旁),48,1
850,YouBike2.0_陽明大學,30,2,北投區,2023-06-02 08:59:14,東華街二段136號(對面),28,1
851,YouBike2.0_捷運石牌站(2號出口),56,3,北投區,2023-06-02 09:22:14,東華街一段526號(對面),52,1
852,YouBike2.0_台北護理大學,28,10,北投區,2023-06-02 08:46:15,石牌路二段100號(前),18,1
853,YouBike2.0_捷運石牌站(1號出口),20,1,北投區,2023-06-02 09:14:04,石牌路一段139號(對面),19,1
854,YouBike2.0_振興醫院,36,23,北投區,2023-06-02 09:22:14,明德路365號(前),13,1
855,YouBike2.0_石牌國小,26,0,北投區,2023-06-02 09:22:14,石牌路一段142號(對面),26,1
856,YouBike2.0_振興公園,13,5,北投區,2023-06-02 09:21:17,天母西路109號(對面),8,1
857,YouBike2.0_立農國小,19,5,北投區,2023-06-02 08:59:14,立農街一段201號(對面),14,1
858,YouBike2.0_承德路七段280巷口,17,1,北投區,2023-06-02 09:01:04,承德路七段260號(前),12,1
859,YouBike2.0_致遠一路二段11巷,22,7,北投區,2023-06-02 09:13:14,自強街61巷8號(旁),15,1
860,YouBike2.0_榮富公園,13,8,北投區,2023-06-02 09:22:14,榮華三路2號(旁),5,1
861,YouBike2.0_中正高中,31,21,北投區,2023-06-02 09:21:17,文林北路77號(前),10,1
862,YouBike2.0_立功立德路口,32,20,北投區,2023-06-02 09:21:33,立德路15號(前),11,1
863,YouBike2.0_中央北路四段30巷口,16,16,北投區,2023-06-02 09:03:04,中央北路四段32號(旁),0,1
864,YouBike2.0_陽明交大圖書館,37,20,北投區,2023-06-02 09:21:17,陽明交大圖書館後方機車停車場,17,1
865,YouBike2.0_捷運新北投站(2號出口),11,5,北投區,2023-06-02 09:14:14,光明路225號(對面),6,1
866,YouBike2.0_復興公園,14,0,北投區,2023-06-02 08:45:04,中和街61號對側,14,1
867,YouBike2.0_承德石牌路口,17,14,北投區,2023-06-02 09:13:14,承德路七段與石牌路一段口北側,3,1
868,YouBike2.0_承德路七段188巷口,16,3,北投區,2023-06-02 09:02:15,承德路七段192-198號前,13,1
869,YouBike2.0_捷運明德站(3號出口),41,8,北投區,2023-06-02 09:21:17,明德路95號,33,1
870,YouBike2.0_大豐公園,39,9,北投區,2023-06-02 09:21:17,大興街145號前,30,1
871,YouBike2.0_洲美公園,30,21,北投區,2023-06-02 08:43:15,福美路199號旁,9,1
872,YouBike2.0_中和街455巷11弄,13,4,北投區,2023-06-02 09:07:15,中和街455巷11弄6-8號(前),7,1
873,YouBike2.0_洲美蜆仔港公園,20,11,北投區,2023-06-02 09:22:14,洲美蜆仔港公園西南側(福美路側),9,1
874,YouBike2.0_文化三杏林一路口,17,1,北投區,2023-06-02 09:12:04,杏林一路3號(旁),16,1
875,YouBike2.0_珠海復興一路口,15,2,北投區,2023-06-02 09:21:17,珠海路/復興一路口(東側),13,1
876,YouBike2.0_裕民二路33巷,15,5,北投區,2023-06-02 09:17:25,裕民二路33巷/裕民六路(西北側),10,1
877,YouBike2.0_新奇岩社會住宅,12,1,北投區,2023-06-02 09:06:14,磺港路269-271號(旁),10,1
878,YouBike2.0_泉源公園,15,0,北投區,2023-06-01 17:38:04,珠海路145號(對側公園),15,1
879,YouBike2.0_奇岩4號綠地,12,1,北投區,2023-06-02 09:14:04,三合街一段79巷16號(對面),11,1
880,YouBike2.0_臺北健康護理大學(教研大樓),15,12,北投區,2023-06-02 09:15:16,石牌路二段185號對側,3,1
881,YouBike2.0_奇岩一號公園,24,5,北投區,2023-06-02 09:09:04,磺港路/清江路177巷(東側),17,1
882,YouBike2.0_福星公園,18,13,北投區,2023-06-02 08:40:26,文林北路280號(對側公園),5,1
883,YouBike2.0_中庸公園,12,7,北投區,2023-06-02 09:19:04,珠海路1號旁,5,1
884,YouBike2.0_豐年公園_1,18,7,北投區,2023-06-02 09:21:17,大業路539號,9,1
885,YouBike2.0_光明溫泉路口,20,1,北投區,2023-06-02 09:21:17,光明路148號對側人行道,18,1
886,YouBike2.0_和信治癌中心醫院,18,17,北投區,2023-06-02 08:57:16,立德路125號,1,1
887,YouBike2.0_致遠新村,15,8,北投區,2023-06-02 09:08:16,秀山路26號(懷遠新村社區入口南側),7,1
888,YouBike2.0_北投公園露天溫泉,15,0,北投區,2023-06-02 09:16:04,中山路6號西側(北投溪木道西側),15,1
889,YouBike2.0_中和街493巷9弄口,16,0,北投區,2023-06-02 08:56:04,中和街493巷9弄2號對側,16,1
890,YouBike2.0_捷運北投站(1號出口),50,20,北投區,2023-06-02 09:19:14,光明路2巷/光明路交叉口,14,1
891,YouBike2.0_石牌立農街口,29,23,北投區,2023-06-02 09:21:33,石牌路二段/立農街二段口,6,1
892,YouBike2.0_捷運唭哩岸站(1號出口),20,9,北投區,2023-06-02 09:11:15,捷運唭哩岸站一(東華) 公車亭對側人行道,10,1
893,YouBike2.0_大興光明路2巷口,14,6,北投區,2023-06-02 09:13:14,大興街50號對側人行道,8,1
894,YouBike2.0_捷運忠義站(2號出口),20,0,北投區,2023-06-02 08:37:04,捷運忠義站(2號出口)無障礙坡道旁,20,1
895,YouBike2.0_福國承德路口,15,3,北投區,2023-06-02 08:44:15,承德路六段80號南側,12,1
896,YouBike2.0_捷運北投站(1號出口)(北投路側),31,23,北投區,2023-06-02 09:21:17,捷運北投站(1號出口)(北投路側),8,1
897,YouBike2.0_華固創富中心,15,7,北投區,2023-06-02 09:19:14,承德路六段120號(北側地下室車道旁),8,1
898,YouBike2.0_崇仰公園(公舘路255巷),20,4,北投區,2023-06-02 08:57:16,公舘路255巷43號東側道路對面,16,1
899,YouBike2.0_北投文化公園(北側),15,3,北投區,2023-06-02 09:21:17,文化三路2號西側公園,12,1
900,YouBike2.0_捷運松山站(4號出口),19,2,松山區,2023-06-02 09:17:25,八德路四段742號,17,1
901,YouBike2.0_塔悠八德路口,34,9,松山區,2023-06-02 09:21:17,塔悠路2號(旁),25,1
902,YouBike2.0_鵬程公園,24,10,松山區,2023-06-02 09:22:15,健康路399號北側,13,1
903,YouBike2.0_中崙高中,50,23,松山區,2023-06-02 09:19:14,八德路四段91巷9號(對面),27,1
904,YouBike2.0_捷運南京三民站(2號出口),19,1,松山區,2023-06-02 09:22:15,南京東路五段156號(前),18,1
905,YouBike2.0_捷運南京三民站(1號出口),35,4,松山區,2023-06-02 09:22:15,捷運南京三民站(1號出口),31,1
906,YouBike2.0_光復北路11巷口,23,12,松山區,2023-06-02 09:16:14,光復北路13號(旁),11,1
907,YouBike2.0_捷運南京三民站(4號出口),13,0,松山區,2023-06-02 09:21:17,南京東路五段229號(前),13,1
908,YouBike2.0_西松高中,14,0,松山區,2023-06-02 08:58:04,健康路325巷5弄5號(前),14,1
909,YouBike2.0_民權復興路口,27,8,松山區,2023-06-02 09:21:17,民權東路三段119號(前),19,1
910,YouBike2.0_民福三號綠地,15,8,松山區,2023-06-02 08:48:15,民族東路712號(對面),7,1
911,YouBike2.0_民有一號公園,37,30,松山區,2023-06-02 09:21:33,敦化北路244巷43號(對面),7,1
912,YouBike2.0_民生敦化路口,51,2,松山區,2023-06-02 09:17:25,敦化北路216號(對面),49,1
913,YouBike2.0_松基公園,20,19,松山區,2023-06-02 09:19:04,長春路432號(對面),1,1
914,YouBike2.0_三民路166巷口,12,2,松山區,2023-06-02 09:19:14,三民路166巷1號(對面),9,1
915,YouBike2.0_民生活動中心,35,5,松山區,2023-06-02 09:21:17,民生東路五段163-1號(前),30,1
916,YouBike2.0_捷運小巨蛋站(2號出口),26,0,松山區,2023-06-02 09:21:17,南京東路四段6號(前),26,1
917,YouBike2.0_臺北市藝文推廣處,45,2,松山區,2023-06-02 09:22:15,八德路三段25號(前),43,1
918,YouBike2.0_民生國小(敦化北路199巷),20,16,松山區,2023-06-02 09:22:15,敦化北路199巷15號(旁),4,1
919,YouBike2.0_敦北公園,48,34,松山區,2023-06-02 09:21:17,敦化北路/富錦街77巷口(東南側),14,1
920,YouBike2.0_民權運動公園,21,0,松山區,2023-06-02 09:19:04,民權東路四段/新中街口(西南側),21,1
921,YouBike2.0_新東公園,36,8,松山區,2023-06-02 09:21:17,民生東路五段/塔悠路口(西南側),28,1
922,YouBike2.0_民生光復路口,31,28,松山區,2023-06-02 09:19:14,光復北路266號(前),3,1
923,YouBike2.0_三民公園,22,1,松山區,2023-06-02 09:08:16,撫遠街298號對側公園,21,1
924,YouBike2.0_八德路三段74巷口,17,0,松山區,2023-06-02 09:17:14,八德路三段74巷95號南側,17,1
925,YouBike2.0_八德路三段8巷口,15,3,松山區,2023-06-02 09:17:25,市民大道四段123號,12,1
926,YouBike2.0_三軍總醫院(松山分院),44,1,松山區,2023-06-02 09:21:17,光復北路/光復北路190巷口(東南側),43,1
927,YouBike2.0_平安新城,16,0,松山區,2023-06-02 09:12:04,延壽街356巷/延壽街330巷16弄(東北側),16,1
928,YouBike2.0_健康社會住宅,20,1,松山區,2023-06-02 09:16:14,健康路305號(前),19,1
929,YouBike2.0_民權光復路口(東北側),24,13,松山區,2023-06-02 09:03:14,民權東路四段/光復北路(東北側),11,1
930,YouBike2.0_市民東興路口,25,24,松山區,2023-06-02 09:21:04,東興路33號南側,1,1
931,YouBike2.0_光復南路22巷口,29,15,松山區,2023-06-02 09:21:17,光復南路19號西側,14,1
932,YouBike2.0_光復南路58巷,12,2,松山區,2023-06-02 09:01:16,光復南路58巷11號東側,10,1
933,YouBike2.0_松山新城,14,0,松山區,2023-06-02 08:36:04,健康路78號(對面),14,1
934,YouBike2.0_內政部營建署,33,20,松山區,2023-06-02 09:21:17,八德路二段342號(前),9,1
935,YouBike2.0_南京光復路口,31,5,松山區,2023-06-02 09:19:14,南京東路四段186號前,26,1
936,YouBike2.0_民生立體停車場,20,11,松山區,2023-06-02 09:22:15,民生東路五段84號前,9,1
937,YouBike2.0_健康新城,35,1,松山區,2023-06-02 09:22:15,健康路179號前,34,1
938,YouBike2.0_健安新城,30,0,松山區,2023-06-02 09:21:04,三民路43巷1號前,30,1
939,YouBike2.0_復盛公園,20,2,松山區,2023-06-02 09:11:04,八德路四段106巷/八德路四段106巷6弄口(東側),18,1
940,YouBike2.0_中崙福成宮,27,0,松山區,2023-06-02 09:19:04,市民大道四段73號前,27,1
941,YouBike2.0_捷運南京復興站(7號出口),15,8,松山區,2023-06-02 09:21:17,慶城街1號(東南側),7,1
942,YouBike2.0_捷運南京復興站(5號出口),49,25,松山區,2023-06-02 09:19:14,南京東路三段262號,24,1
943,YouBike2.0_塔悠疏散門,32,14,松山區,2023-06-02 09:12:15,民權東路五段41之1號,17,1
944,YouBike2.0_臺北田徑場,42,26,松山區,2023-06-02 09:21:17,敦化北路/八德路三段(東北側),16,1
945,YouBike2.0_捷運小巨蛋站(5號出口),22,2,松山區,2023-06-02 09:16:14,南京東路四段75-1號前,19,1
946,YouBike2.0_敦化長春路口,34,33,松山區,2023-06-02 09:21:17,敦化北路112號前,1,1
947,YouBike2.0_饒河疏散門(基四號疏散門),19,4,松山區,2023-06-02 09:05:17,松河街182號對側,15,1
948,YouBike2.0_捷運松山站(2號出口),14,1,松山區,2023-06-02 08:50:22,八德路四段685號前,13,1
949,YouBike2.0_民權東路三段106巷口,22,12,松山區,2023-06-02 09:17:25,民權東路三段102號前,10,1
950,YouBike2.0_南京東路五段59巷口,11,3,松山區,2023-06-02 09:21:17,南京東路五段57號(前),8,1
951,YouBike2.0_三民公園(塔悠路),20,11,松山區,2023-06-02 09:21:33,塔悠路/撫遠街261巷(西側),9,1
952,YouBike2.0_寶清公園,13,2,松山區,2023-06-02 09:21:17,寶清街/寶清街30巷(北側),11,1
953,YouBike2.0_西松公園,11,1,松山區,2023-06-02 09:21:04,健康路/南京東路五段251巷50弄(西側),10,1
954,YouBike2.0_長壽公園,15,3,松山區,2023-06-02 09:21:17,健康路174號(旁),12,1
955,YouBike2.0_復源公園,14,0,松山區,2023-06-02 08:42:04,八德路三段106巷62號(對面),14,1
956,YouBike2.0_南京東路四段179巷口,13,6,松山區,2023-06-02 09:22:15,南京東路四段163號(前),7,1
957,YouBike2.0_臺北田徑場(北寧路側),24,0,松山區,2023-06-02 09:03:04,八德路三段25號前,24,1
958,YouBike2.0_西松高中(健康路325巷),31,0,松山區,2023-06-02 09:21:04,健康路325巷 / 健康路325巷12弄口(東北側),31,1
959,YouBike2.0_南京東興路口,20,0,松山區,2023-06-02 09:14:04,南京東路五段 / 東興路口(北側),20,1
960,YouBike2.0_捷運松山站(3號出口),48,0,松山區,2023-06-02 09:16:04,松山路/市民大道六段(西北側捷運3號出口),48,1
961,YouBike2.0_介壽國中,12,4,松山區,2023-06-02 09:21:17,民生東路五段36巷/光復北路165巷,8,1
962,YouBike2.0_敦化南京路口(東北側),14,6,松山區,2023-06-02 09:22:15,敦化北路/南京東路四段,8,1
963,YouBike2.0_敦化八德路口,20,17,松山區,2023-06-02 09:18:13,敦化南路一段/八德路二段(西南側),3,1
964,YouBike2.0_新東街51巷口,23,7,松山區,2023-06-02 09:19:14,三民路 / 新東街51巷口(東側),16,1
965,YouBike2.0_八德立體停車場,16,0,松山區,2023-06-02 09:17:14,八德路/松信路(西南側),16,1
966,YouBike2.0_長春慶城街口,16,10,松山區,2023-06-02 09:02:15,長春路431號前,6,1
967,YouBike2.0_八德路四段652巷口,20,1,松山區,2023-06-02 08:49:14,八德路四段650號南側,19,1
968,YouBike2.0_捷運松山站(1號出口),15,0,松山區,2023-06-02 09:21:04,八德路四段711號前,15,1
969,YouBike2.0_捷運小巨蛋站(3號出口),15,4,松山區,2023-06-02 09:22:15,南京東路四段12號前,11,1
970,YouBike2.0_捷運小巨蛋站(5號出口)_1,20,0,松山區,2023-06-02 09:21:04,南京東路四段/健康路(西北側),20,1
971,YouBike2.0_敦化北路155巷口,30,25,松山區,2023-06-02 09:18:13,敦化北路151號前分隔島,5,1
972,YouBike2.0_民生復興路口,17,13,松山區,2023-06-02 09:17:25,民生東路三段/復興北路(東南側),4,1
973,YouBike2.0_市民延吉街口,30,1,松山區,2023-06-02 09:19:04,市民大道/延吉街(市民大道橋下空地),29,1
974,YouBike2.0_龍城市場,15,0,松山區,2023-06-02 09:07:04,光復北路190巷35號對側,15,1
975,YouBike2.0_捷運南京三民站(3號出口),29,2,松山區,2023-06-02 09:21:17,捷運南京三民站(3號出口),27,1
976,YouBike2.0_塔悠基隆路口(麥帥一橋下),20,1,松山區,2023-06-02 09:17:25,南京東路五段386號前,19,1
977,YouBike2.0_五常街370巷,11,0,松山區,2023-06-02 07:40:11,五常街370巷8號,11,1
978,YouBike2.0_南港公園(東新街),20,2,南港區,2023-06-02 08:26:15,東新街170巷1號西南側,18,1
979,YouBike2.0_南港公園(福德街),32,13,南港區,2023-06-02 09:16:14,福德街383號北側,19,1
980,YouBike2.0_捷運昆陽站(1號出口),58,4,南港區,2023-06-02 09:18:13,忠孝東路六段403號,54,1
981,YouBike2.0_忠孝東路六段225巷口,35,0,南港區,2023-06-02 09:19:04,忠孝東路六段219號,35,1
982,YouBike2.0_捷運後山埤站(1號出口),53,23,南港區,2023-06-02 09:21:17,中坡北路7號東側,30,1
983,YouBike2.0_合樂公園,15,7,南港區,2023-06-02 09:15:16,玉成街46號東側,8,1
984,YouBike2.0_合心廣場,38,4,南港區,2023-06-02 09:19:14,忠孝東路六段17號東北側,34,1
985,YouBike2.0_成德國中,26,0,南港區,2023-06-02 09:04:04,東新街118巷15號南側,26,1
986,YouBike2.0_玉成公園,26,11,南港區,2023-06-02 09:21:17,玉成街247號對側,15,1
987,YouBike2.0_研究院舊莊街口,30,0,南港區,2023-06-02 09:21:17,舊莊街一段1號西側,30,1
988,YouBike2.0_中研院綜合體育館東側,30,29,南港區,2023-06-02 09:15:04,研究院路二段128號(體育館),1,1
989,YouBike2.0_國家生技園區,30,13,南港區,2023-06-02 09:21:33,研究院路一段130巷99號(國家生技園區),17,1
990,YouBike2.0_捷運南港展覽館站(5號出口),56,4,南港區,2023-06-02 09:18:13,研究院路一段1號(5號出口),52,1
991,YouBike2.0_中研公園,40,4,南港區,2023-06-02 08:59:14,研究院路二段12巷58弄9號西側,36,1
992,YouBike2.0_福山公園,20,1,南港區,2023-06-02 09:21:17,福山街44巷27號東南側,19,1
993,YouBike2.0_舊莊區民活動中心,18,0,南港區,2023-06-02 09:09:04,舊莊街一段91巷11號西南側,18,1
994,YouBike2.0_凌雲市場,20,0,南港區,2023-06-02 07:23:04,研究院路三段68巷9號北側,20,1
995,YouBike2.0_市民大道八段532號,15,0,南港區,2023-06-02 09:10:10,市民大道八段532號北側,15,1
996,YouBike2.0_捷運南港軟體園區(2號出口),34,32,南港區,2023-06-02 09:14:14,經貿二路183號(2號出口),2,1
997,YouBike2.0_南港國小,30,15,南港區,2023-06-02 09:16:14,惠民街67號東南側,15,1
998,YouBike2.0_興中立體停車場(興中路),26,0,南港區,2023-06-02 09:11:04,興中路44巷1號東側,26,1
999,YouBike2.0_臺北市立圖書館南港分館,40,0,南港區,2023-06-02 08:52:04,南港路一段350號,40,1
1000,YouBike2.0_東陽公園,30,16,南港區,2023-06-02 09:16:14,重陽路125巷34號東側,14,1
1001,YouBike2.0_向陽南港路口,21,21,南港區,2023-06-02 08:43:04,向陽路49號北側,0,1
1002,YouBike2.0_南港車站(忠孝東路七段415巷),11,0,南港區,2023-06-02 08:30:52,忠孝東路七段510號西北側,11,1
1003,YouBike2.0_捷運南港站(2號出口),14,0,南港區,2023-06-02 08:45:04,忠孝東路七段380號(2號出口),14,1
1004,YouBike2.0_捷運南港站(1號出口),20,0,南港區,2023-06-02 08:27:04,忠孝東路七段380號(1號出口),20,1
1005,YouBike2.0_東新國小,22,6,南港區,2023-06-02 09:14:14,東明街68號北側,16,1
1006,YouBike2.0_中華科技大學,20,11,南港區,2023-06-02 08:45:17,研究院路三段246號東側,9,1
1007,YouBike2.0_六福公園,19,0,南港區,2023-06-02 08:40:15,研究院路二段35巷23弄25號北側,18,1
1008,YouBike2.0_南港加壓站,24,4,南港區,2023-06-02 09:14:14,研究院路二段3巷1號西側,20,1
1009,YouBike2.0_臺北流行音樂中心(南港路),21,21,南港區,2023-06-02 08:36:04,南港路二段200-1號南側,0,1
1010,YouBike2.0_興南公園,26,24,南港區,2023-06-02 09:17:25,重陽路269號南側,2,1
1011,YouBike2.0_臺北流行音樂中心(市民大道),21,21,南港區,2023-06-02 08:57:04,市民大道八段99號,0,1
1012,YouBike2.0_南港車站(市民大道),30,0,南港區,2023-06-02 09:16:04,南港路一段313號(市民大道),30,1
1013,YouBike2.0_忠孝東路七段527巷口,15,1,南港區,2023-06-02 08:50:22,忠孝東路七段552號,14,1
1014,YouBike2.0_南港軟體園區(新民街),19,7,南港區,2023-06-02 09:19:14,新民街15號北側,12,1
1015,YouBike2.0_世貿公園,35,15,南港區,2023-06-02 09:21:17,經貿二路188-1號,20,1
1016,YouBike2.0_凌雲五村(研究院路三段8巷),26,1,南港區,2023-06-02 09:06:14,研究院路三段10巷1號東側,25,1
1017,YouBike2.0_新新公園(昆陽街60巷),20,18,南港區,2023-06-02 09:22:15,南港路三段47巷8號南側,2,1
1018,YouBike2.0_南港高中(昆陽街),14,14,南港區,2023-06-02 09:21:17,昆陽街58號東側,0,1
1019,YouBike2.0_南港路三段290巷口,20,1,南港區,2023-06-02 08:57:17,南港路三段314巷20號,19,1
1020,YouBike2.0_南港路三段220巷口,25,19,南港區,2023-06-02 09:21:17,南港路三段133號,6,1
1021,YouBike2.0_南港東新街口,28,5,南港區,2023-06-02 08:13:15,東新街4號東側,23,1
1022,YouBike2.0_八德中坡路口,26,4,南港區,2023-06-02 09:17:25,八德路四段873號,22,1
1023,YouBike2.0_捷運後山埤站(3號出口),12,0,南港區,2023-05-15 07:23:15,玉成街150號,12,0
1024,YouBike2.0_玉成公園運動中心,15,3,南港區,2023-06-02 09:13:14,中坡南路19號,12,1
1025,YouBike2.0_百福公園,18,7,南港區,2023-06-02 08:55:22,福德街309巷7號南側,10,1
1026,YouBike2.0_南湖大橋(經貿二路255巷),20,7,南港區,2023-06-02 09:02:15,經貿二路255巷1號,13,1
1027,YouBike2.0_園區重陽路口,13,12,南港區,2023-06-02 09:21:17,重陽路458號西側,1,1
1028,YouBike2.0_南港車站B棟(市民大道),16,2,南港區,2023-06-02 09:10:21,忠孝東路七段359號(市民大道),14,1
1029,YouBike2.0_胡適公園,20,7,南港區,2023-06-02 09:19:14,研究院路二段/研究院路二段132巷北側,13,1
1030,YouBike2.0_南港抽水站,13,0,南港區,2023-06-02 08:49:04,重陽路505號,13,1
1031,YouBike2.0_經貿公園,20,8,南港區,2023-06-02 08:36:16,經園街58號北側,12,1
1032,YouBike2.0_育成高中,20,9,南港區,2023-06-02 09:12:15,惠民街71號西側,11,1
1033,YouBike2.0_捷運南港展覽館站(7號出口),20,5,南港區,2023-06-02 09:19:14,富康街1巷16弄2號東側,14,1
1034,YouBike2.0_力行橋(南港),18,2,南港區,2023-06-02 09:17:25,研究院路一段101巷16弄2號南側,16,1
1035,YouBike2.0_舊莊國小(舊莊街一段),15,9,南港區,2023-06-02 08:25:16,舊莊街一段/舊莊街一段145巷口,6,1
1036,YouBike2.0_向陽公園,17,12,南港區,2023-06-02 08:52:15,成功路一段76號對側,5,1
1037,YouBike2.0_小彎社會住宅,51,13,南港區,2023-06-02 09:14:14,向陽路258巷/重陽路39巷口(西南側),37,1
1038,YouBike2.0_捷運南港展覽館站(6號出口),25,0,南港區,2023-06-02 08:30:52,南港路一段28號旁,25,1
1039,YouBike2.0_捷運南港展覽館站(4號出口),22,6,南港區,2023-06-02 09:18:13,南港路一段32號(4號出口),16,1
1040,YouBike2.0_成德綠地,17,9,南港區,2023-06-02 09:18:13,東新街65號東南側,8,1
1041,YouBike2.0_南港公園(東新街170巷),16,7,南港區,2023-06-02 09:02:15,東新街170巷63號對側,9,1
1042,YouBike2.0_中坡市民路口(東北側),19,8,南港區,2023-06-02 09:19:14,中坡北路/市民大道七段路口(東北側),10,1
1043,YouBike2.0_昆陽公園,14,0,南港區,2023-06-02 08:58:04,昆陽街173號對側,14,1
1044,YouBike2.0_南港路二段178巷口,18,16,南港區,2023-06-02 09:14:14,南港路二段 / 南港路二段178巷口(北側),2,1
1045,YouBike2.0_南港車站(忠孝東路),24,0,南港區,2023-06-02 09:17:14,忠孝東路七段/興中路(西北側),23,1
1046,YouBike2.0_南港車站(興華路),40,10,南港區,2023-06-02 09:22:15,興華路/市民大道八段路口西北側人行道,29,1
1047,YouBike2.0_玉成公園(成福路178巷口),18,8,南港區,2023-06-02 09:17:25,成福路178巷8號對側,10,1
1048,YouBike2.0_玉東公園(東新街),14,4,南港區,2023-06-02 08:47:15,東新街/市民大道七段(北側),10,1
1049,YouBike2.0_南港出租國宅社區,25,11,南港區,2023-06-02 09:02:15,福德街373巷80號前,14,1
1050,YouBike2.0_成福路197巷口,15,3,南港區,2023-06-02 09:12:15,成福路197巷/成福路,11,1
1051,YouBike2.0_南港疏散門(基三號疏散門),15,13,南港區,2023-06-02 09:13:14,松河街398號對側,2,1
1052,YouBike2.0_成德立體停車場,14,7,南港區,2023-06-02 09:12:04,成福路/東新街80巷10弄,7,1
1053,YouBike2.0_南港展覽館2館,18,0,南港區,2023-06-02 09:21:04,經貿二路/南港路一段(西北側),18,1
1054,YouBike2.0_舊莊派出所,15,7,南港區,2023-06-02 09:12:15,舊莊街一段/舊莊街一段215巷,8,1
1055,YouBike2.0_南港路三段80巷,15,11,南港區,2023-06-02 09:19:14,南港路三段/南港路三段80巷,4,1
1056,YouBike2.0_捷運昆陽站(4號出口),28,3,南港區,2023-06-02 09:19:14,忠孝東路六段465號,25,1
1057,YouBike2.0_忠孝東路六段278巷口,14,12,南港區,2023-06-02 09:17:25,忠孝東路/忠孝東路六段278巷,2,1
1058,YouBike2.0_中研院人文社會科學館,20,16,南港區,2023-06-02 09:10:21,研究院路二段128號(人文社會科學館),4,1
1059,YouBike2.0_南港路三段130巷口,12,7,南港區,2023-06-02 09:21:17,松河街380號對側,5,1
1060,YouBike2.0_南港路三段190巷口,16,3,南港區,2023-06-02 08:32:15,松河街358號對側,13,1
1061,YouBike2.0_忠孝東路六段212巷口,15,0,南港區,2023-06-02 08:58:04,忠孝東路六段226號前,15,1
1062,YouBike2.0_新富公園,13,1,南港區,2023-06-02 09:21:17,富康街47巷2號對側,12,1
1063,YouBike2.0_東新街63巷口,15,6,南港區,2023-06-02 09:16:04,東新街/東新街63巷,9,1
1064,YouBike2.0_內湖機廠(港東街),15,6,南港區,2023-06-02 09:15:16,經貿一路77號(港東街),9,1
1065,YouBike2.0_黎忠區民活動中心,16,0,信義區,2023-06-02 09:16:14,和平東路三段391巷16號,15,1
1066,YouBike2.0_基隆路二段159巷口,14,0,信義區,2023-06-02 09:08:04,基隆路二段155號,14,1
1067,YouBike2.0_嘉興街175巷口,16,2,信義區,2023-06-02 09:21:17,基隆路二段131-4號(前),14,1
1068,YouBike2.0_和平東路三段631巷口,15,0,信義區,2023-06-02 08:23:04,和平東路三段633號前,15,1
1069,YouBike2.0_和平東路三段530巷口,15,0,信義區,2023-06-02 08:47:04,和平東路三段530巷口東北側,15,1
1070,YouBike2.0_景勤二號公園,41,1,信義區,2023-06-02 09:21:33,信安街50號(對面),40,1
1071,YouBike2.0_臺北醫學大學,55,33,信義區,2023-06-02 09:21:33,台北醫學大學(吳興街220巷59弄),22,1
1072,YouBike2.0_三興公園,31,1,信義區,2023-06-02 09:19:04,吳興街118巷35弄28號前方(三興公園),30,1
1073,YouBike2.0_松德站,48,39,信義區,2023-06-02 09:15:16,松德路300號南側,8,1
1074,YouBike2.0_捷運象山站(2號出口),31,1,信義區,2023-06-02 09:21:17,信義路五段128號東側,29,1
1075,YouBike2.0_象山公園,34,28,信義區,2023-06-02 09:22:15,松仁路153巷15號東側,6,1
1076,YouBike2.0_松仁路253巷3弄,26,2,信義區,2023-06-02 09:21:17,松仁路215巷6號,24,1
1077,YouBike2.0_興雅國中,18,18,信義區,2023-06-02 09:21:04,松仁路101號東側,0,1
1078,YouBike2.0_捷運象山站(1號出口),24,1,信義區,2023-06-02 09:12:15,信義路5段152號(1號出口),23,1
1079,YouBike2.0_松德路200巷,41,23,信義區,2023-06-02 09:21:17,松德路200巷53號北側,18,1
1080,YouBike2.0_中全公園,17,0,信義區,2023-06-02 08:58:04,虎林街164巷54號北側,17,1
1081,YouBike2.0_台北市災害應變中心,45,11,信義區,2023-06-02 09:21:17,莊敬路391巷11弄2號(東北側),32,1
1082,YouBike2.0_信義運動中心,33,33,信義區,2023-06-02 08:56:04,松勤街100號(前),0,1
1083,YouBike2.0_捷運台北101/世貿站(3號出口),15,10,信義區,2023-06-02 09:22:15,信義路五段16號前,5,1
1084,YouBike2.0_景新公園,17,4,信義區,2023-06-02 09:22:15,莊敬路239巷12號(對面),13,1
1085,YouBike2.0_光復信義路口東南側,16,8,信義區,2023-06-02 09:19:14,光復南路485號前方,6,1
1086,YouBike2.0_三張犁,40,4,信義區,2023-06-02 09:21:33,光復南路455號前方,36,1
1087,YouBike2.0_仁愛路四段496巷口,34,2,信義區,2023-06-02 09:17:25,仁愛路四段與仁愛路四段496巷口西南側,31,1
1088,YouBike2.0_松山工農,34,18,信義區,2023-06-02 09:21:17,忠孝東路五段236巷15號(前),16,1
1089,YouBike2.0_松友公園,27,0,信義區,2023-06-02 09:03:04,信義路六段76巷2弄22號(對面),26,1
1090,YouBike2.0_林口公園,41,2,信義區,2023-06-02 09:02:15,林口街82號(對面),39,1
1091,YouBike2.0_松山家商,25,18,信義區,2023-06-02 09:15:16,松山路655號(前),6,1
1092,YouBike2.0_永春陂濕地公園,23,10,信義區,2023-06-02 09:15:16,松山路721號(對面),13,1
1093,YouBike2.0_臺北市政府,63,58,信義區,2023-06-02 09:22:15,台北市政府東門(松智路),5,1
1094,YouBike2.0_松智松壽路口,39,29,信義區,2023-06-02 09:21:17,松智路/松壽路(西北側),10,1
1095,YouBike2.0_市府松壽路口,28,26,信義區,2023-06-02 09:12:04,市府路/松壽路(東北側),2,1
1096,YouBike2.0_市府松高路口,54,34,信義區,2023-06-02 09:22:15,市府路/松高路(東南側),19,1
1097,YouBike2.0_市民廣場,30,26,信義區,2023-06-02 09:21:17,市府路/松壽路(西北側),4,1
1098,YouBike2.0_信義廣場(台北101),96,41,信義區,2023-06-02 09:22:15,松智路/信義路(東北側),55,1
1099,YouBike2.0_捷運台北101/世貿站(5號出口),15,11,信義區,2023-06-02 09:22:15,市府路/信義路(西北側),4,1
1100,YouBike2.0_春光公園,30,7,信義區,2023-06-02 09:19:14,林口街230號(斜對面),22,1
1101,YouBike2.0_松仁路121巷口,31,11,信義區,2023-06-02 09:22:15,松仁路123號北側,20,1
1102,YouBike2.0_福德國小,35,14,信義區,2023-06-02 09:11:15,福德街251巷2號對側,19,1
1103,YouBike2.0_福德公園,35,18,信義區,2023-06-02 09:19:14,大道路與大道路145巷口,17,1
1104,YouBike2.0_松高路(信義新天地A4館),17,17,信義區,2023-06-02 09:06:03,松高路19號,0,1
1105,YouBike2.0_興雅松仁路口,65,29,信義區,2023-06-02 09:22:15,松仁路28號北側,36,1
1106,YouBike2.0_福祥公園,19,13,信義區,2023-06-02 09:19:14,松隆路99號西南側,6,1
1107,YouBike2.0_吳興公車總站,56,3,信義區,2023-06-02 09:22:15,松仁路277號南側,52,1
1108,YouBike2.0_泰和公園,34,11,信義區,2023-06-02 09:22:15,吳興街600巷81號西側,23,1
1109,YouBike2.0_興雅國小(基隆路一段37巷),15,0,信義區,2023-06-02 08:39:04,基隆路一段83巷9號西側,14,1
1110,YouBike2.0_雅祥公園(松信路50巷口),12,6,信義區,2023-06-02 09:22:15,松信路61號西側,5,1
1111,YouBike2.0_松山車站,63,10,信義區,2023-06-02 09:22:15,松山路11號南側,52,1
1112,YouBike2.0_五常公園,19,9,信義區,2023-06-02 09:11:15,松隆路161號對側,10,1
1113,YouBike2.0_永吉松信路口,25,14,信義區,2023-06-02 09:21:17,松信路/永吉路西南側人行道,10,1
1114,YouBike2.0_三興國小,22,6,信義區,2023-06-02 09:22:15,基隆路二段99-1號(前),15,1
1115,YouBike2.0_市民松信路口,20,2,信義區,2023-06-02 09:12:15,市民大道六段/松信路口(西側),18,1
1116,YouBike2.0_松山高中,38,27,信義區,2023-06-02 09:21:33,忠孝東路四段599巷36號對側,11,1
1117,YouBike2.0_基隆光復路口,17,2,信義區,2023-06-02 09:14:14,基隆路二段/光復南路(東北側),15,1
1118,YouBike2.0_基隆忠孝路口西南側,14,14,信義區,2023-06-02 09:22:15,忠孝東路四段550號,0,1
1119,YouBike2.0_泰和里民活動中心,18,1,信義區,2023-06-02 09:21:17,松仁路308巷60號,14,1
1120,YouBike2.0_捷運後山埤站(2號出口),22,12,信義區,2023-06-02 09:22:15,忠孝東路五段800號,10,1
1121,YouBike2.0_虎林永吉路口,15,1,信義區,2023-06-02 09:11:15,永吉路356號東側,14,1
1122,YouBike2.0_永吉公園,18,0,信義區,2023-06-02 09:21:04,永吉路326巷66號西側,17,1
1123,YouBike2.0_永吉路321巷口,15,6,信義區,2023-06-02 09:22:15,永吉路323號西側,9,1
1124,YouBike2.0_松山永吉路口,20,1,信義區,2023-06-02 09:16:14,松山路166號,19,1
1125,YouBike2.0_松山路292巷口,17,1,信義區,2023-06-02 09:21:17,松山路279號,16,1
1126,YouBike2.0_捷運象山站(3號出口),51,16,信義區,2023-06-02 09:21:17,信義路五段/信義路五段91巷口(西北側),33,1
1127,YouBike2.0_松德公園,25,17,信義區,2023-06-02 09:17:25,松德路168巷20號前,8,1
1128,YouBike2.0_世貿三館,30,7,信義區,2023-06-02 09:16:14,市府路/松壽路口東南側,23,1
1129,YouBike2.0_松德虎林街口,25,0,信義區,2023-06-02 09:17:14,松德路79號前,25,1
1130,YouBike2.0_富台公園,25,0,信義區,2023-06-02 09:12:04,松信路209號旁,25,1
1131,YouBike2.0_基隆路一段101巷口,23,3,信義區,2023-06-02 09:19:14,基隆路一段109-6號前,20,1
1132,YouBike2.0_捷運永春站(2號出口),28,0,信義區,2023-06-02 09:22:15,虎林街132巷44號西側,28,1
1133,YouBike2.0_吳興街260巷,32,21,信義區,2023-06-02 09:19:14,吳興街260巷/吳興街260巷21弄口(東南側),11,1
1134,YouBike2.0_松山家商(林口街),25,14,信義區,2023-06-02 09:22:15,林口街/福德街口(東南側),10,1
1135,YouBike2.0_仁愛逸仙路口,28,5,信義區,2023-06-02 09:21:17,仁愛路四段/逸仙路口(西北側),22,1
1136,YouBike2.0_安強公園,20,2,信義區,2023-06-02 09:22:15,虎林街222巷55號,17,1
1137,YouBike2.0_信義基隆路口,20,19,信義區,2023-06-02 09:16:04,信義路四段393號前,0,1
1138,YouBike2.0_捷運台北101/世貿站(2號出口),49,6,信義區,2023-06-02 09:22:15,捷運台北101/世貿站(2號出口)(西側),43,1
1139,YouBike2.0_吳興街284巷36弄口,25,24,信義區,2023-06-02 09:13:04,吳興街284巷36弄24號西側,1,1
1140,YouBike2.0_協和祐德高級中學,20,9,信義區,2023-06-02 09:19:14,中坡南路51號對側,11,1
1141,YouBike2.0_福德國小公車站,10,1,信義區,2023-06-02 09:19:14,福德街308號對側,9,1
1142,YouBike2.0_松仁路95巷口,60,19,信義區,2023-06-02 09:22:15,松仁路/松仁路95巷(東南側),40,1
1143,YouBike2.0_臺北南山廣場_1,55,51,信義區,2023-06-02 09:07:15,松智路/松廉路(東北側),2,1
1144,YouBike2.0_景聯廣場,13,2,信義區,2023-06-02 09:10:21,松勤街8號對側,11,1
1145,YouBike2.0_景平公園,13,3,信義區,2023-06-02 09:21:17,松平路50巷15號對側,9,1
1146,YouBike2.0_捷運市政府站(3號出口),92,3,信義區,2023-06-02 09:21:33,忠孝東路/松仁路(東南側),88,1
1147,YouBike2.0_五分埔公園,18,0,信義區,2023-06-02 08:43:04,中坡北路57號旁,18,1
1148,YouBike2.0_松仁路305號,14,2,信義區,2023-06-02 09:19:14,松仁路/吳興街583巷3弄,12,1
1149,YouBike2.0_吳興街394巷口,12,9,信義區,2023-06-02 09:19:14,吳興街394巷/吳興街,3,1
1150,YouBike2.0_忠孝東路五段215巷口,24,18,信義區,2023-06-02 09:17:25,忠孝東路五段/忠孝東路五段215巷,6,1
1151,YouBike2.0_松勤莊敬路口,15,1,信義區,2023-06-02 09:15:16,松勤街/莊敬路,14,1
1152,YouBike2.0_松仁松平路口,10,1,信義區,2023-06-02 08:49:14,松仁路/松平路,9,1
1153,YouBike2.0_信義松德路口,18,2,信義區,2023-06-02 08:57:17,信義路五段180號前,16,1
1154,YouBike2.0_捷運市政府站(4號出口),14,0,信義區,2023-06-02 09:21:17,忠孝東路五段71巷/忠孝東路五段31巷18弄,14,1
1155,YouBike2.0_吳興街284巷(廣安宮),15,6,信義區,2023-06-02 09:22:15,吳興街284巷23號對側,9,1
1156,YouBike2.0_景勤二號公園(西南側),22,1,信義區,2023-06-02 09:08:16,信安街67巷/信安街口東南側,21,1
1157,YouBike2.0_克勤新村,18,16,信義區,2023-06-02 09:19:14,信安街67巷75號對側,2,1
1158,YouBike2.0_和平東路三段291號,15,3,信義區,2023-06-02 09:19:14,和平東路三段291號前,12,1
1159,YouBike2.0_德昌寶興街口(西北角),15,8,萬華區,2023-06-02 09:21:17,寶興街186號(前),6,1
1160,YouBike2.0_寶興長泰街口(西南角),17,7,萬華區,2023-06-02 09:15:16,寶興街/長泰街(西南側),8,1
1161,YouBike2.0_萬大路486巷口,10,8,萬華區,2023-06-02 09:21:17,萬大路482號(旁),2,1
1162,YouBike2.0_國興中華路口,14,0,萬華區,2023-06-02 08:34:04,國興路2號前,14,1
1163,YouBike2.0_古亭國中,20,11,萬華區,2023-06-02 08:45:17,中華路二段465號對側,9,1
1164,YouBike2.0_國興水源路口,14,9,萬華區,2023-06-02 08:10:23,國興路1巷15號對側,4,1
1165,YouBike2.0_青年公園高爾夫球場,16,0,萬華區,2023-06-02 08:40:15,國興路42號對側,16,1
1166,YouBike2.0_國興青年路口,30,2,萬華區,2023-06-02 09:21:17,國興路與青年路口西南側,28,1
1167,YouBike2.0_青年公園棒球場,28,9,萬華區,2023-06-02 09:15:16,青年路66號對側,19,1
1168,YouBike2.0_青年公園籃球場,16,15,萬華區,2023-06-02 09:03:14,青年公園籃球場南側,1,1
1169,YouBike2.0_復華花園新城,28,12,萬華區,2023-06-02 09:21:17,西藏路123號前,16,1
1170,YouBike2.0_新和國小,20,11,萬華區,2023-06-02 09:21:17,萬大路277巷37弄1號東側,9,1
1171,YouBike2.0_莒光郵局,16,0,萬華區,2023-06-02 09:10:10,莒光路210號前,16,1
1172,YouBike2.0_莒光立體停車場,10,1,萬華區,2023-06-02 09:18:13,莒光路137號前,9,1
1173,YouBike2.0_艋舺大道146巷口,14,0,萬華區,2023-06-02 09:01:04,艋舺大道142號前,14,1
1174,YouBike2.0_東園國小,27,5,萬華區,2023-06-02 09:17:25,東園街199號前方,22,1
1175,YouBike2.0_華中疏散門,12,6,萬華區,2023-06-02 09:18:13,環河南路三段371號前,6,1
1176,YouBike2.0_錦德公園,16,9,萬華區,2023-06-02 09:15:16,德昌街243號前,6,1
1177,YouBike2.0_忠德公園,19,9,萬華區,2023-06-02 09:05:17,東園街66巷20弄27號前,7,1
1178,YouBike2.0_華江高中,50,33,萬華區,2023-06-02 09:18:13,東園街35巷14號對側,17,1
1179,YouBike2.0_西園艋舺路口,32,2,萬華區,2023-06-02 09:19:14,西園路二段與艋舺大道口西南側,30,1
1180,YouBike2.0_雙園國中,24,21,萬華區,2023-06-02 09:19:14,西園路二段320巷與興義街口,3,1
1181,YouBike2.0_長順區民活動中心,26,4,萬華區,2023-06-02 09:17:25,長順街127號前,22,1
1182,YouBike2.0_華江國小,23,0,萬華區,2023-06-02 09:10:10,環河南路二段250巷25弄2號對側,23,1
1183,YouBike2.0_華江八號公園,20,12,萬華區,2023-06-02 09:19:14,環河南路二段216號旁,8,1
1184,YouBike2.0_環河南雙園街口,15,12,萬華區,2023-06-02 09:15:16,環河南路二段282號前,3,1
1185,YouBike2.0_大理高中,37,22,萬華區,2023-06-02 09:17:25,環河南路二段與西藏路口東側,15,1
1186,YouBike2.0_糖廍文化園區,14,5,萬華區,2023-06-02 09:21:17,大理街177號對側,8,1
1187,YouBike2.0_兩棵樹公園,17,0,萬華區,2023-06-02 09:17:14,艋舺大道與大理街160巷20弄口東側,16,1
1188,YouBike2.0_萬華青年公宅,23,5,萬華區,2023-06-02 09:13:14,青年路188號前,17,1
1189,YouBike2.0_開封西寧路口,41,0,萬華區,2023-06-02 09:21:17,西寧南路12號(對面),41,1
1190,YouBike2.0_峨嵋停車場,47,1,萬華區,2023-06-02 09:14:14,峨嵋街83號(旁),46,1
1191,YouBike2.0_長沙公園,24,3,萬華區,2023-06-02 09:22:15,環河南路一段280-1號(對面),21,1
1192,YouBike2.0_貓公園(中興橋頭),15,1,萬華區,2023-06-02 09:22:15,成都路108號(對面),14,1
1193,YouBike2.0_西本願寺廣場,65,5,萬華區,2023-06-02 09:17:25,中華路一段164號(前),60,1
1194,YouBike2.0_中華桂林路口,28,0,萬華區,2023-06-02 09:21:17,中華路一段與桂林路口西北側,28,1
1195,YouBike2.0_捷運龍山寺站(1號出口),30,25,萬華區,2023-06-02 09:21:33,和平西路三段/西園路一段(東北側),5,1
1196,YouBike2.0_龍山國小,24,13,萬華區,2023-06-02 09:16:14,和平西路三段235號(旁),10,1
1197,YouBike2.0_華西公園,33,4,萬華區,2023-06-02 09:22:15,桂林路134號(對面),29,1
1198,YouBike2.0_老松國小,40,8,萬華區,2023-06-02 09:16:14,康定路238號(對面),32,1
1199,YouBike2.0_萬華火車站,53,0,萬華區,2023-06-02 08:51:04,艋舺大道83號(前),53,1
1200,YouBike2.0_萬華火車站(D2廣場),17,0,萬華區,2023-06-02 09:13:04,康定路/康定路287巷(東南側),17,1
1201,YouBike2.0_捷運龍山寺站(3號出口),23,3,萬華區,2023-06-02 09:21:17,和平西路三段/和平西路三段88巷(西南側),20,1
1202,YouBike2.0_臺北市電影主題公園(峨嵋街),15,6,萬華區,2023-06-02 09:11:15,峨嵋街100號(對面),9,1
1203,YouBike2.0_臺北市電影主題公園(康定路),15,0,萬華區,2023-06-02 09:21:17,康定路18-2號(對面),15,1
1204,YouBike2.0_中華峨嵋街口,24,9,萬華區,2023-06-02 09:22:15,中華路一段130號(前),15,1
1205,YouBike2.0_萬華266號綠地,15,1,萬華區,2023-06-02 09:16:14,康定路81號(對面),14,1
1206,YouBike2.0_萬大國小(萬大路344巷口),18,4,萬華區,2023-06-02 09:14:14,萬大路346號(旁),14,1
1207,YouBike2.0_德昌街10巷口,10,8,萬華區,2023-06-02 09:12:15,德昌街15號(對面),2,1
1208,YouBike2.0_環河南和平西路口,20,2,萬華區,2023-06-02 09:07:15,環河南路一段/和平西路三段口(西南側),18,1
1209,YouBike2.0_長順街60巷口,15,1,萬華區,2023-06-02 08:45:04,長順街60巷38號對側,14,1
1210,YouBike2.0_西園公園,14,11,萬華區,2023-06-02 09:06:14,東園街35巷/東園街67巷交叉口,3,1
1211,YouBike2.0_華江污水廠,20,6,萬華區,2023-06-02 09:11:15,桂林路246巷66號南側,14,1
1212,YouBike2.0_柳鄉公園,21,2,萬華區,2023-06-02 09:13:14,環河南路二段102號西北側,19,1
1213,YouBike2.0_綠堤社區公園,22,13,萬華區,2023-06-02 09:18:13,大理街170巷與環河南路二段159巷口,6,1
1214,YouBike2.0_長順艋舺大道口,26,26,萬華區,2023-06-02 08:52:04,長順街與雙園街106巷口,0,1
1215,YouBike2.0_富民路145巷口,20,11,萬華區,2023-06-02 08:44:15,富民路151號對側,9,1
1216,YouBike2.0_環南綜合市場,14,2,萬華區,2023-06-02 08:43:15,環河南路二段245號旁,12,1
1217,YouBike2.0_龍山國中,15,2,萬華區,2023-06-02 08:50:22,南寧路與廣州街口南側,13,1
1218,YouBike2.0_洛陽停車場,22,3,萬華區,2023-06-02 09:22:15,昆明街與洛陽街口西側,19,1
1219,YouBike2.0_桂林昆明街口,20,2,萬華區,2023-06-02 09:21:17,桂林路與昆明街口西北側,18,1
1220,YouBike2.0_萬華國中_1,26,24,萬華區,2023-06-02 09:21:17,西藏路 / 莒光路299巷口(東南側),1,1
1221,YouBike2.0_青年公園3號出口,38,0,萬華區,2023-06-02 08:45:04,青年路/青年路106巷(東側),34,1
1222,YouBike2.0_捷運龍山寺站(1號出口)_1,36,21,萬華區,2023-06-02 09:21:33,和平西路三段/和平西路三段109巷(西北側),15,1
1223,YouBike2.0_莒光社會住宅,30,9,萬華區,2023-06-02 09:14:14,萬大路與興寧街66巷22弄口西北側,21,1
1224,YouBike2.0_艋舺西藏路口,20,13,萬華區,2023-06-02 09:19:14,艋舺大道與西藏路口西南側(華翠大橋下),7,1
1225,YouBike2.0_萬大路493巷,10,6,萬華區,2023-06-02 09:18:13,萬大路493巷44號旁,2,1
1226,YouBike2.0_雙園國中地下停車場,12,6,萬華區,2023-06-02 08:27:16,西園路二段320巷55弄8-10號前,6,1
1227,YouBike2.0_青年路152巷口,16,1,萬華區,2023-06-02 09:09:15,青年路152巷59號對側,15,1
1228,YouBike2.0_臺大水源舍區A棟,37,0,臺大專區,2023-06-02 09:21:17,汀洲路三段60巷2弄路側(A舍北側),37,1
1229,YouBike2.0_臺大卓越研究大樓,32,1,臺大專區,2023-06-02 09:22:15,臺大水源舍區C南側,30,1
1230,YouBike2.0_臺大水源修齊會館,18,0,臺大專區,2023-06-02 08:55:11,思源街16號之1旁,17,1
1231,YouBike2.0_臺大檔案展示館,10,0,臺大專區,2023-06-02 09:04:04,臺大檔案展示館東北側,10,1
1232,YouBike2.0_臺大水源舍區B棟,30,0,臺大專區,2023-06-02 09:16:04,汀洲路三段60巷2弄路側(B舍北側),29,1
1233,YouBike2.0_臺大男八舍東側,42,1,臺大專區,2023-06-02 09:03:14,臺大男八舍東側,41,1
1234,YouBike2.0_臺大禮賢樓東南側,23,0,臺大專區,2023-06-02 09:16:04,臺大仰萃樓東南側,23,1
1235,YouBike2.0_臺大農業陳列館北側,45,0,臺大專區,2023-06-02 08:09:04,農業陳列館北側,45,1
1236,YouBike2.0_臺大管理學院二館北側,40,3,臺大專區,2023-06-02 09:18:13,管理學院二號館北側,37,1
1237,YouBike2.0_臺大土木系館,30,3,臺大專區,2023-06-02 09:19:04,臺大土木工程學系所南側,27,1
1238,YouBike2.0_臺大大一女舍北側,53,0,臺大專區,2023-06-02 09:17:14,臺大女一舍北側,53,1
1239,YouBike2.0_臺大女九舍西南側,62,18,臺大專區,2023-06-02 09:21:17,臺大女九舍西南側,38,1
1240,YouBike2.0_臺大小福樓東側,31,5,臺大專區,2023-06-02 09:19:14,臺大小福樓東側,18,1
1241,YouBike2.0_臺大立體機車停車場,27,8,臺大專區,2023-06-02 09:21:17,基隆路三段/基隆路三段156巷口北側,19,1
1242,YouBike2.0_臺大工綜館南側,26,10,臺大專區,2023-06-02 09:21:17,臺大工學院東南側,16,1
1243,YouBike2.0_臺大天文數學館南側,19,4,臺大專區,2023-06-02 09:18:13,臺大天文數學館西南側,3,1
1244,YouBike2.0_臺大心理系館南側,30,18,臺大專區,2023-06-02 09:22:15,臺大心理學系南側,12,1
1245,YouBike2.0_臺大樂學館東側,28,2,臺大專區,2023-06-02 09:22:15,臺大文學院西側,26,1
1246,YouBike2.0_臺大農化新館西側,10,4,臺大專區,2023-06-02 09:21:17,臺大生化科技學系西側,6,1
1247,YouBike2.0_臺大五號館西側,20,1,臺大專區,2023-06-02 09:22:15,臺大生物系館西側,19,1
1248,YouBike2.0_臺大舊體育館西側,33,0,臺大專區,2023-06-02 09:01:04,臺大田徑場東側,31,1
1249,YouBike2.0_臺大共同教室北側,20,5,臺大專區,2023-06-02 09:21:33,臺大共同教學館東北側,15,1
1250,YouBike2.0_臺大共同教室東南側,12,0,臺大專區,2023-06-02 09:22:15,臺大共同教學館東南側,12,1
1251,YouBike2.0_臺大鹿鳴堂東側,27,1,臺大專區,2023-06-02 09:21:17,臺大鹿鳴廣場人行道側,26,1
1252,YouBike2.0_臺大公館停車場西北側,12,0,臺大專區,2023-06-02 07:59:04,臺大公館停車場西北側,12,1
1253,YouBike2.0_臺大第二行政大樓南側,27,0,臺大專區,2023-06-02 09:14:04,臺大行政大樓西側,27,1
1254,YouBike2.0_臺大明達館機車停車場,28,0,臺大專區,2023-06-02 09:21:17,臺大明達館西側,28,1
1255,YouBike2.0_臺大二號館,10,1,臺大專區,2023-06-02 08:45:17,臺大物理文物廳北側,9,1
1256,YouBike2.0_臺大凝態館南側,20,8,臺大專區,2023-06-02 09:19:14,臺大物理系館南側,12,1
1257,YouBike2.0_臺大社科院西側,42,28,臺大專區,2023-06-02 09:17:14,臺大社科院西側,0,1
1258,YouBike2.0_臺大社會系館南側,39,26,臺大專區,2023-06-02 09:21:17,臺大社會及社工館南側,13,1
1259,YouBike2.0_臺大思亮館東南側,10,10,臺大專區,2023-06-02 09:12:04,臺大思亮館東南側,0,1
1260,YouBike2.0_臺大椰林小舖,48,0,臺大專區,2023-06-02 09:01:04,臺大椰林小舖旁,48,1
1261,YouBike2.0_臺大計資中心南側,34,7,臺大專區,2023-06-02 09:21:17,臺大計算機網路資訊中心南側,19,1
1262,YouBike2.0_臺大原分所北側,12,1,臺大專區,2023-06-02 09:11:04,臺大原子與分子科學研究所東北側,10,1
1263,YouBike2.0_臺大生命科學館西北側,30,0,臺大專區,2023-06-02 09:03:04,臺大動物博物館西側,30,1
1264,YouBike2.0_臺大第一活動中心西南側,40,5,臺大專區,2023-06-02 09:21:17,第一學生活動中心東南側,30,1
1265,YouBike2.0_臺大博理館西側,22,16,臺大專區,2023-06-02 09:17:25,臺大博理館西側,5,1
1266,YouBike2.0_臺大博雅館西側,56,4,臺大專區,2023-06-02 09:15:16,臺大博雅館西側,52,1
1267,YouBike2.0_臺大森林館北側,10,0,臺大專區,2023-06-02 08:58:04,臺大森林系學系北側,10,1
1268,YouBike2.0_臺大一號館,19,0,臺大專區,2023-06-02 07:57:04,臺大植物魚類標本館一號館北側,19,1
1269,YouBike2.0_臺大小小福西南側,10,0,臺大專區,2023-06-02 09:07:04,臺大進修教育大樓,10,1
1270,YouBike2.0_臺大教研館北側,11,1,臺大專區,2023-06-02 09:21:17,臺大雅頌廣場東南側,10,1
1271,YouBike2.0_臺大四號館東北側,10,0,臺大專區,2023-06-02 09:21:17,臺大園藝暨景觀學系北側,10,1
1272,YouBike2.0_臺大新生教室南側,18,11,臺大專區,2023-06-02 08:59:15,臺大新生教學館南側,2,1
1273,YouBike2.0_臺大鄭江樓北側,10,9,臺大專區,2023-06-02 09:21:17,臺大新聞研究所南側,1,1
1274,YouBike2.0_臺大電機二館東南側,14,12,臺大專區,2023-06-02 09:21:17,臺大電機二館南側,2,1
1275,YouBike2.0_臺大圖資系館北側,25,10,臺大專區,2023-06-02 09:22:15,臺大圖書資訊館北側,15,1
1276,YouBike2.0_臺大總圖書館西南側,30,0,臺大專區,2023-06-02 09:03:04,臺大圖書館西南側,30,1
1277,YouBike2.0_臺大黑森林西側,20,8,臺大專區,2023-06-02 09:21:17,臺大霖澤館南側,12,1
1278,YouBike2.0_臺大獸醫館南側,24,10,臺大專區,2023-06-02 09:22:15,臺大獸醫系館南側,14,1
1279,YouBike2.0_臺大新體育館東南側,40,4,臺大專區,2023-06-02 09:21:17,臺大體育館東側,36,1
1280,YouBike2.0_臺大明達館北側(員工宿舍),18,0,臺大公館校區,2023-06-02 09:15:05,明達館北側前空地,18,1
